<?xml version="1.0" encoding="utf-8"?>
<resources><dimen name="h_1">1.0px</dimen>
<dimen name="h_2">2.0px</dimen>
<dimen name="h_3">3.0px</dimen>
<dimen name="h_4">4.0px</dimen>
<dimen name="h_5">5.0px</dimen>
<dimen name="h_6">6.0px</dimen>
<dimen name="h_7">7.0px</dimen>
<dimen name="h_8">8.0px</dimen>
<dimen name="h_9">9.0px</dimen>
<dimen name="h_10">10.0px</dimen>
<dimen name="h_11">11.0px</dimen>
<dimen name="h_12">12.0px</dimen>
<dimen name="h_13">13.0px</dimen>
<dimen name="h_14">14.0px</dimen>
<dimen name="h_15">15.0px</dimen>
<dimen name="h_16">16.0px</dimen>
<dimen name="h_17">17.0px</dimen>
<dimen name="h_18">18.0px</dimen>
<dimen name="h_19">19.0px</dimen>
<dimen name="h_20">20.0px</dimen>
<dimen name="h_21">21.0px</dimen>
<dimen name="h_22">22.0px</dimen>
<dimen name="h_23">23.0px</dimen>
<dimen name="h_24">24.0px</dimen>
<dimen name="h_25">25.0px</dimen>
<dimen name="h_26">26.0px</dimen>
<dimen name="h_27">27.0px</dimen>
<dimen name="h_28">28.0px</dimen>
<dimen name="h_29">29.0px</dimen>
<dimen name="h_30">30.0px</dimen>
<dimen name="h_31">31.0px</dimen>
<dimen name="h_32">32.0px</dimen>
<dimen name="h_33">33.0px</dimen>
<dimen name="h_34">34.0px</dimen>
<dimen name="h_35">35.0px</dimen>
<dimen name="h_36">36.0px</dimen>
<dimen name="h_37">37.0px</dimen>
<dimen name="h_38">38.0px</dimen>
<dimen name="h_39">39.0px</dimen>
<dimen name="h_40">40.0px</dimen>
<dimen name="h_41">41.0px</dimen>
<dimen name="h_42">42.0px</dimen>
<dimen name="h_43">43.0px</dimen>
<dimen name="h_44">44.0px</dimen>
<dimen name="h_45">45.0px</dimen>
<dimen name="h_46">46.0px</dimen>
<dimen name="h_47">47.0px</dimen>
<dimen name="h_48">48.0px</dimen>
<dimen name="h_49">49.0px</dimen>
<dimen name="h_50">50.0px</dimen>
<dimen name="h_51">51.0px</dimen>
<dimen name="h_52">52.0px</dimen>
<dimen name="h_53">53.0px</dimen>
<dimen name="h_54">54.0px</dimen>
<dimen name="h_55">55.0px</dimen>
<dimen name="h_56">56.0px</dimen>
<dimen name="h_57">57.0px</dimen>
<dimen name="h_58">58.0px</dimen>
<dimen name="h_59">59.0px</dimen>
<dimen name="h_60">60.0px</dimen>
<dimen name="h_61">61.0px</dimen>
<dimen name="h_62">62.0px</dimen>
<dimen name="h_63">63.0px</dimen>
<dimen name="h_64">64.0px</dimen>
<dimen name="h_65">65.0px</dimen>
<dimen name="h_66">66.0px</dimen>
<dimen name="h_67">67.0px</dimen>
<dimen name="h_68">68.0px</dimen>
<dimen name="h_69">69.0px</dimen>
<dimen name="h_70">70.0px</dimen>
<dimen name="h_71">71.0px</dimen>
<dimen name="h_72">72.0px</dimen>
<dimen name="h_73">73.0px</dimen>
<dimen name="h_74">74.0px</dimen>
<dimen name="h_75">75.0px</dimen>
<dimen name="h_76">76.0px</dimen>
<dimen name="h_77">77.0px</dimen>
<dimen name="h_78">78.0px</dimen>
<dimen name="h_79">79.0px</dimen>
<dimen name="h_80">80.0px</dimen>
<dimen name="h_81">81.0px</dimen>
<dimen name="h_82">82.0px</dimen>
<dimen name="h_83">83.0px</dimen>
<dimen name="h_84">84.0px</dimen>
<dimen name="h_85">85.0px</dimen>
<dimen name="h_86">86.0px</dimen>
<dimen name="h_87">87.0px</dimen>
<dimen name="h_88">88.0px</dimen>
<dimen name="h_89">89.0px</dimen>
<dimen name="h_90">90.0px</dimen>
<dimen name="h_91">91.0px</dimen>
<dimen name="h_92">92.0px</dimen>
<dimen name="h_93">93.0px</dimen>
<dimen name="h_94">94.0px</dimen>
<dimen name="h_95">95.0px</dimen>
<dimen name="h_96">96.0px</dimen>
<dimen name="h_97">97.0px</dimen>
<dimen name="h_98">98.0px</dimen>
<dimen name="h_99">99.0px</dimen>
<dimen name="h_100">100.0px</dimen>
<dimen name="h_101">101.0px</dimen>
<dimen name="h_102">102.0px</dimen>
<dimen name="h_103">103.0px</dimen>
<dimen name="h_104">104.0px</dimen>
<dimen name="h_105">105.0px</dimen>
<dimen name="h_106">106.0px</dimen>
<dimen name="h_107">107.0px</dimen>
<dimen name="h_108">108.0px</dimen>
<dimen name="h_109">109.0px</dimen>
<dimen name="h_110">110.0px</dimen>
<dimen name="h_111">111.0px</dimen>
<dimen name="h_112">112.0px</dimen>
<dimen name="h_113">113.0px</dimen>
<dimen name="h_114">114.0px</dimen>
<dimen name="h_115">115.0px</dimen>
<dimen name="h_116">116.0px</dimen>
<dimen name="h_117">117.0px</dimen>
<dimen name="h_118">118.0px</dimen>
<dimen name="h_119">119.0px</dimen>
<dimen name="h_120">120.0px</dimen>
<dimen name="h_121">121.0px</dimen>
<dimen name="h_122">122.0px</dimen>
<dimen name="h_123">123.0px</dimen>
<dimen name="h_124">124.0px</dimen>
<dimen name="h_125">125.0px</dimen>
<dimen name="h_126">126.0px</dimen>
<dimen name="h_127">127.0px</dimen>
<dimen name="h_128">128.0px</dimen>
<dimen name="h_129">129.0px</dimen>
<dimen name="h_130">130.0px</dimen>
<dimen name="h_131">131.0px</dimen>
<dimen name="h_132">132.0px</dimen>
<dimen name="h_133">133.0px</dimen>
<dimen name="h_134">134.0px</dimen>
<dimen name="h_135">135.0px</dimen>
<dimen name="h_136">136.0px</dimen>
<dimen name="h_137">137.0px</dimen>
<dimen name="h_138">138.0px</dimen>
<dimen name="h_139">139.0px</dimen>
<dimen name="h_140">140.0px</dimen>
<dimen name="h_141">141.0px</dimen>
<dimen name="h_142">142.0px</dimen>
<dimen name="h_143">143.0px</dimen>
<dimen name="h_144">144.0px</dimen>
<dimen name="h_145">145.0px</dimen>
<dimen name="h_146">146.0px</dimen>
<dimen name="h_147">147.0px</dimen>
<dimen name="h_148">148.0px</dimen>
<dimen name="h_149">149.0px</dimen>
<dimen name="h_150">150.0px</dimen>
<dimen name="h_151">151.0px</dimen>
<dimen name="h_152">152.0px</dimen>
<dimen name="h_153">153.0px</dimen>
<dimen name="h_154">154.0px</dimen>
<dimen name="h_155">155.0px</dimen>
<dimen name="h_156">156.0px</dimen>
<dimen name="h_157">157.0px</dimen>
<dimen name="h_158">158.0px</dimen>
<dimen name="h_159">159.0px</dimen>
<dimen name="h_160">160.0px</dimen>
<dimen name="h_161">161.0px</dimen>
<dimen name="h_162">162.0px</dimen>
<dimen name="h_163">163.0px</dimen>
<dimen name="h_164">164.0px</dimen>
<dimen name="h_165">165.0px</dimen>
<dimen name="h_166">166.0px</dimen>
<dimen name="h_167">167.0px</dimen>
<dimen name="h_168">168.0px</dimen>
<dimen name="h_169">169.0px</dimen>
<dimen name="h_170">170.0px</dimen>
<dimen name="h_171">171.0px</dimen>
<dimen name="h_172">172.0px</dimen>
<dimen name="h_173">173.0px</dimen>
<dimen name="h_174">174.0px</dimen>
<dimen name="h_175">175.0px</dimen>
<dimen name="h_176">176.0px</dimen>
<dimen name="h_177">177.0px</dimen>
<dimen name="h_178">178.0px</dimen>
<dimen name="h_179">179.0px</dimen>
<dimen name="h_180">180.0px</dimen>
<dimen name="h_181">181.0px</dimen>
<dimen name="h_182">182.0px</dimen>
<dimen name="h_183">183.0px</dimen>
<dimen name="h_184">184.0px</dimen>
<dimen name="h_185">185.0px</dimen>
<dimen name="h_186">186.0px</dimen>
<dimen name="h_187">187.0px</dimen>
<dimen name="h_188">188.0px</dimen>
<dimen name="h_189">189.0px</dimen>
<dimen name="h_190">190.0px</dimen>
<dimen name="h_191">191.0px</dimen>
<dimen name="h_192">192.0px</dimen>
<dimen name="h_193">193.0px</dimen>
<dimen name="h_194">194.0px</dimen>
<dimen name="h_195">195.0px</dimen>
<dimen name="h_196">196.0px</dimen>
<dimen name="h_197">197.0px</dimen>
<dimen name="h_198">198.0px</dimen>
<dimen name="h_199">199.0px</dimen>
<dimen name="h_200">200.0px</dimen>
<dimen name="h_201">201.0px</dimen>
<dimen name="h_202">202.0px</dimen>
<dimen name="h_203">203.0px</dimen>
<dimen name="h_204">204.0px</dimen>
<dimen name="h_205">205.0px</dimen>
<dimen name="h_206">206.0px</dimen>
<dimen name="h_207">207.0px</dimen>
<dimen name="h_208">208.0px</dimen>
<dimen name="h_209">209.0px</dimen>
<dimen name="h_210">210.0px</dimen>
<dimen name="h_211">211.0px</dimen>
<dimen name="h_212">212.0px</dimen>
<dimen name="h_213">213.0px</dimen>
<dimen name="h_214">214.0px</dimen>
<dimen name="h_215">215.0px</dimen>
<dimen name="h_216">216.0px</dimen>
<dimen name="h_217">217.0px</dimen>
<dimen name="h_218">218.0px</dimen>
<dimen name="h_219">219.0px</dimen>
<dimen name="h_220">220.0px</dimen>
<dimen name="h_221">221.0px</dimen>
<dimen name="h_222">222.0px</dimen>
<dimen name="h_223">223.0px</dimen>
<dimen name="h_224">224.0px</dimen>
<dimen name="h_225">225.0px</dimen>
<dimen name="h_226">226.0px</dimen>
<dimen name="h_227">227.0px</dimen>
<dimen name="h_228">228.0px</dimen>
<dimen name="h_229">229.0px</dimen>
<dimen name="h_230">230.0px</dimen>
<dimen name="h_231">231.0px</dimen>
<dimen name="h_232">232.0px</dimen>
<dimen name="h_233">233.0px</dimen>
<dimen name="h_234">234.0px</dimen>
<dimen name="h_235">235.0px</dimen>
<dimen name="h_236">236.0px</dimen>
<dimen name="h_237">237.0px</dimen>
<dimen name="h_238">238.0px</dimen>
<dimen name="h_239">239.0px</dimen>
<dimen name="h_240">240.0px</dimen>
<dimen name="h_241">241.0px</dimen>
<dimen name="h_242">242.0px</dimen>
<dimen name="h_243">243.0px</dimen>
<dimen name="h_244">244.0px</dimen>
<dimen name="h_245">245.0px</dimen>
<dimen name="h_246">246.0px</dimen>
<dimen name="h_247">247.0px</dimen>
<dimen name="h_248">248.0px</dimen>
<dimen name="h_249">249.0px</dimen>
<dimen name="h_250">250.0px</dimen>
<dimen name="h_251">251.0px</dimen>
<dimen name="h_252">252.0px</dimen>
<dimen name="h_253">253.0px</dimen>
<dimen name="h_254">254.0px</dimen>
<dimen name="h_255">255.0px</dimen>
<dimen name="h_256">256.0px</dimen>
<dimen name="h_257">257.0px</dimen>
<dimen name="h_258">258.0px</dimen>
<dimen name="h_259">259.0px</dimen>
<dimen name="h_260">260.0px</dimen>
<dimen name="h_261">261.0px</dimen>
<dimen name="h_262">262.0px</dimen>
<dimen name="h_263">263.0px</dimen>
<dimen name="h_264">264.0px</dimen>
<dimen name="h_265">265.0px</dimen>
<dimen name="h_266">266.0px</dimen>
<dimen name="h_267">267.0px</dimen>
<dimen name="h_268">268.0px</dimen>
<dimen name="h_269">269.0px</dimen>
<dimen name="h_270">270.0px</dimen>
<dimen name="h_271">271.0px</dimen>
<dimen name="h_272">272.0px</dimen>
<dimen name="h_273">273.0px</dimen>
<dimen name="h_274">274.0px</dimen>
<dimen name="h_275">275.0px</dimen>
<dimen name="h_276">276.0px</dimen>
<dimen name="h_277">277.0px</dimen>
<dimen name="h_278">278.0px</dimen>
<dimen name="h_279">279.0px</dimen>
<dimen name="h_280">280.0px</dimen>
<dimen name="h_281">281.0px</dimen>
<dimen name="h_282">282.0px</dimen>
<dimen name="h_283">283.0px</dimen>
<dimen name="h_284">284.0px</dimen>
<dimen name="h_285">285.0px</dimen>
<dimen name="h_286">286.0px</dimen>
<dimen name="h_287">287.0px</dimen>
<dimen name="h_288">288.0px</dimen>
<dimen name="h_289">289.0px</dimen>
<dimen name="h_290">290.0px</dimen>
<dimen name="h_291">291.0px</dimen>
<dimen name="h_292">292.0px</dimen>
<dimen name="h_293">293.0px</dimen>
<dimen name="h_294">294.0px</dimen>
<dimen name="h_295">295.0px</dimen>
<dimen name="h_296">296.0px</dimen>
<dimen name="h_297">297.0px</dimen>
<dimen name="h_298">298.0px</dimen>
<dimen name="h_299">299.0px</dimen>
<dimen name="h_300">300.0px</dimen>
<dimen name="h_301">301.0px</dimen>
<dimen name="h_302">302.0px</dimen>
<dimen name="h_303">303.0px</dimen>
<dimen name="h_304">304.0px</dimen>
<dimen name="h_305">305.0px</dimen>
<dimen name="h_306">306.0px</dimen>
<dimen name="h_307">307.0px</dimen>
<dimen name="h_308">308.0px</dimen>
<dimen name="h_309">309.0px</dimen>
<dimen name="h_310">310.0px</dimen>
<dimen name="h_311">311.0px</dimen>
<dimen name="h_312">312.0px</dimen>
<dimen name="h_313">313.0px</dimen>
<dimen name="h_314">314.0px</dimen>
<dimen name="h_315">315.0px</dimen>
<dimen name="h_316">316.0px</dimen>
<dimen name="h_317">317.0px</dimen>
<dimen name="h_318">318.0px</dimen>
<dimen name="h_319">319.0px</dimen>
<dimen name="h_320">320.0px</dimen>
<dimen name="h_321">321.0px</dimen>
<dimen name="h_322">322.0px</dimen>
<dimen name="h_323">323.0px</dimen>
<dimen name="h_324">324.0px</dimen>
<dimen name="h_325">325.0px</dimen>
<dimen name="h_326">326.0px</dimen>
<dimen name="h_327">327.0px</dimen>
<dimen name="h_328">328.0px</dimen>
<dimen name="h_329">329.0px</dimen>
<dimen name="h_330">330.0px</dimen>
<dimen name="h_331">331.0px</dimen>
<dimen name="h_332">332.0px</dimen>
<dimen name="h_333">333.0px</dimen>
<dimen name="h_334">334.0px</dimen>
<dimen name="h_335">335.0px</dimen>
<dimen name="h_336">336.0px</dimen>
<dimen name="h_337">337.0px</dimen>
<dimen name="h_338">338.0px</dimen>
<dimen name="h_339">339.0px</dimen>
<dimen name="h_340">340.0px</dimen>
<dimen name="h_341">341.0px</dimen>
<dimen name="h_342">342.0px</dimen>
<dimen name="h_343">343.0px</dimen>
<dimen name="h_344">344.0px</dimen>
<dimen name="h_345">345.0px</dimen>
<dimen name="h_346">346.0px</dimen>
<dimen name="h_347">347.0px</dimen>
<dimen name="h_348">348.0px</dimen>
<dimen name="h_349">349.0px</dimen>
<dimen name="h_350">350.0px</dimen>
<dimen name="h_351">351.0px</dimen>
<dimen name="h_352">352.0px</dimen>
<dimen name="h_353">353.0px</dimen>
<dimen name="h_354">354.0px</dimen>
<dimen name="h_355">355.0px</dimen>
<dimen name="h_356">356.0px</dimen>
<dimen name="h_357">357.0px</dimen>
<dimen name="h_358">358.0px</dimen>
<dimen name="h_359">359.0px</dimen>
<dimen name="h_360">360.0px</dimen>
<dimen name="h_361">361.0px</dimen>
<dimen name="h_362">362.0px</dimen>
<dimen name="h_363">363.0px</dimen>
<dimen name="h_364">364.0px</dimen>
<dimen name="h_365">365.0px</dimen>
<dimen name="h_366">366.0px</dimen>
<dimen name="h_367">367.0px</dimen>
<dimen name="h_368">368.0px</dimen>
<dimen name="h_369">369.0px</dimen>
<dimen name="h_370">370.0px</dimen>
<dimen name="h_371">371.0px</dimen>
<dimen name="h_372">372.0px</dimen>
<dimen name="h_373">373.0px</dimen>
<dimen name="h_374">374.0px</dimen>
<dimen name="h_375">375.0px</dimen>
<dimen name="h_376">376.0px</dimen>
<dimen name="h_377">377.0px</dimen>
<dimen name="h_378">378.0px</dimen>
<dimen name="h_379">379.0px</dimen>
<dimen name="h_380">380.0px</dimen>
<dimen name="h_381">381.0px</dimen>
<dimen name="h_382">382.0px</dimen>
<dimen name="h_383">383.0px</dimen>
<dimen name="h_384">384.0px</dimen>
<dimen name="h_385">385.0px</dimen>
<dimen name="h_386">386.0px</dimen>
<dimen name="h_387">387.0px</dimen>
<dimen name="h_388">388.0px</dimen>
<dimen name="h_389">389.0px</dimen>
<dimen name="h_390">390.0px</dimen>
<dimen name="h_391">391.0px</dimen>
<dimen name="h_392">392.0px</dimen>
<dimen name="h_393">393.0px</dimen>
<dimen name="h_394">394.0px</dimen>
<dimen name="h_395">395.0px</dimen>
<dimen name="h_396">396.0px</dimen>
<dimen name="h_397">397.0px</dimen>
<dimen name="h_398">398.0px</dimen>
<dimen name="h_399">399.0px</dimen>
<dimen name="h_400">400.0px</dimen>
<dimen name="h_401">401.0px</dimen>
<dimen name="h_402">402.0px</dimen>
<dimen name="h_403">403.0px</dimen>
<dimen name="h_404">404.0px</dimen>
<dimen name="h_405">405.0px</dimen>
<dimen name="h_406">406.0px</dimen>
<dimen name="h_407">407.0px</dimen>
<dimen name="h_408">408.0px</dimen>
<dimen name="h_409">409.0px</dimen>
<dimen name="h_410">410.0px</dimen>
<dimen name="h_411">411.0px</dimen>
<dimen name="h_412">412.0px</dimen>
<dimen name="h_413">413.0px</dimen>
<dimen name="h_414">414.0px</dimen>
<dimen name="h_415">415.0px</dimen>
<dimen name="h_416">416.0px</dimen>
<dimen name="h_417">417.0px</dimen>
<dimen name="h_418">418.0px</dimen>
<dimen name="h_419">419.0px</dimen>
<dimen name="h_420">420.0px</dimen>
<dimen name="h_421">421.0px</dimen>
<dimen name="h_422">422.0px</dimen>
<dimen name="h_423">423.0px</dimen>
<dimen name="h_424">424.0px</dimen>
<dimen name="h_425">425.0px</dimen>
<dimen name="h_426">426.0px</dimen>
<dimen name="h_427">427.0px</dimen>
<dimen name="h_428">428.0px</dimen>
<dimen name="h_429">429.0px</dimen>
<dimen name="h_430">430.0px</dimen>
<dimen name="h_431">431.0px</dimen>
<dimen name="h_432">432.0px</dimen>
<dimen name="h_433">433.0px</dimen>
<dimen name="h_434">434.0px</dimen>
<dimen name="h_435">435.0px</dimen>
<dimen name="h_436">436.0px</dimen>
<dimen name="h_437">437.0px</dimen>
<dimen name="h_438">438.0px</dimen>
<dimen name="h_439">439.0px</dimen>
<dimen name="h_440">440.0px</dimen>
<dimen name="h_441">441.0px</dimen>
<dimen name="h_442">442.0px</dimen>
<dimen name="h_443">443.0px</dimen>
<dimen name="h_444">444.0px</dimen>
<dimen name="h_445">445.0px</dimen>
<dimen name="h_446">446.0px</dimen>
<dimen name="h_447">447.0px</dimen>
<dimen name="h_448">448.0px</dimen>
<dimen name="h_449">449.0px</dimen>
<dimen name="h_450">450.0px</dimen>
<dimen name="h_451">451.0px</dimen>
<dimen name="h_452">452.0px</dimen>
<dimen name="h_453">453.0px</dimen>
<dimen name="h_454">454.0px</dimen>
<dimen name="h_455">455.0px</dimen>
<dimen name="h_456">456.0px</dimen>
<dimen name="h_457">457.0px</dimen>
<dimen name="h_458">458.0px</dimen>
<dimen name="h_459">459.0px</dimen>
<dimen name="h_460">460.0px</dimen>
<dimen name="h_461">461.0px</dimen>
<dimen name="h_462">462.0px</dimen>
<dimen name="h_463">463.0px</dimen>
<dimen name="h_464">464.0px</dimen>
<dimen name="h_465">465.0px</dimen>
<dimen name="h_466">466.0px</dimen>
<dimen name="h_467">467.0px</dimen>
<dimen name="h_468">468.0px</dimen>
<dimen name="h_469">469.0px</dimen>
<dimen name="h_470">470.0px</dimen>
<dimen name="h_471">471.0px</dimen>
<dimen name="h_472">472.0px</dimen>
<dimen name="h_473">473.0px</dimen>
<dimen name="h_474">474.0px</dimen>
<dimen name="h_475">475.0px</dimen>
<dimen name="h_476">476.0px</dimen>
<dimen name="h_477">477.0px</dimen>
<dimen name="h_478">478.0px</dimen>
<dimen name="h_479">479.0px</dimen>
<dimen name="h_480">480.0px</dimen>
<dimen name="h_481">481.0px</dimen>
<dimen name="h_482">482.0px</dimen>
<dimen name="h_483">483.0px</dimen>
<dimen name="h_484">484.0px</dimen>
<dimen name="h_485">485.0px</dimen>
<dimen name="h_486">486.0px</dimen>
<dimen name="h_487">487.0px</dimen>
<dimen name="h_488">488.0px</dimen>
<dimen name="h_489">489.0px</dimen>
<dimen name="h_490">490.0px</dimen>
<dimen name="h_491">491.0px</dimen>
<dimen name="h_492">492.0px</dimen>
<dimen name="h_493">493.0px</dimen>
<dimen name="h_494">494.0px</dimen>
<dimen name="h_495">495.0px</dimen>
<dimen name="h_496">496.0px</dimen>
<dimen name="h_497">497.0px</dimen>
<dimen name="h_498">498.0px</dimen>
<dimen name="h_499">499.0px</dimen>
<dimen name="h_500">500.0px</dimen>
<dimen name="h_501">501.0px</dimen>
<dimen name="h_502">502.0px</dimen>
<dimen name="h_503">503.0px</dimen>
<dimen name="h_504">504.0px</dimen>
<dimen name="h_505">505.0px</dimen>
<dimen name="h_506">506.0px</dimen>
<dimen name="h_507">507.0px</dimen>
<dimen name="h_508">508.0px</dimen>
<dimen name="h_509">509.0px</dimen>
<dimen name="h_510">510.0px</dimen>
<dimen name="h_511">511.0px</dimen>
<dimen name="h_512">512.0px</dimen>
<dimen name="h_513">513.0px</dimen>
<dimen name="h_514">514.0px</dimen>
<dimen name="h_515">515.0px</dimen>
<dimen name="h_516">516.0px</dimen>
<dimen name="h_517">517.0px</dimen>
<dimen name="h_518">518.0px</dimen>
<dimen name="h_519">519.0px</dimen>
<dimen name="h_520">520.0px</dimen>
<dimen name="h_521">521.0px</dimen>
<dimen name="h_522">522.0px</dimen>
<dimen name="h_523">523.0px</dimen>
<dimen name="h_524">524.0px</dimen>
<dimen name="h_525">525.0px</dimen>
<dimen name="h_526">526.0px</dimen>
<dimen name="h_527">527.0px</dimen>
<dimen name="h_528">528.0px</dimen>
<dimen name="h_529">529.0px</dimen>
<dimen name="h_530">530.0px</dimen>
<dimen name="h_531">531.0px</dimen>
<dimen name="h_532">532.0px</dimen>
<dimen name="h_533">533.0px</dimen>
<dimen name="h_534">534.0px</dimen>
<dimen name="h_535">535.0px</dimen>
<dimen name="h_536">536.0px</dimen>
<dimen name="h_537">537.0px</dimen>
<dimen name="h_538">538.0px</dimen>
<dimen name="h_539">539.0px</dimen>
<dimen name="h_540">540.0px</dimen>
<dimen name="h_541">541.0px</dimen>
<dimen name="h_542">542.0px</dimen>
<dimen name="h_543">543.0px</dimen>
<dimen name="h_544">544.0px</dimen>
<dimen name="h_545">545.0px</dimen>
<dimen name="h_546">546.0px</dimen>
<dimen name="h_547">547.0px</dimen>
<dimen name="h_548">548.0px</dimen>
<dimen name="h_549">549.0px</dimen>
<dimen name="h_550">550.0px</dimen>
<dimen name="h_551">551.0px</dimen>
<dimen name="h_552">552.0px</dimen>
<dimen name="h_553">553.0px</dimen>
<dimen name="h_554">554.0px</dimen>
<dimen name="h_555">555.0px</dimen>
<dimen name="h_556">556.0px</dimen>
<dimen name="h_557">557.0px</dimen>
<dimen name="h_558">558.0px</dimen>
<dimen name="h_559">559.0px</dimen>
<dimen name="h_560">560.0px</dimen>
<dimen name="h_561">561.0px</dimen>
<dimen name="h_562">562.0px</dimen>
<dimen name="h_563">563.0px</dimen>
<dimen name="h_564">564.0px</dimen>
<dimen name="h_565">565.0px</dimen>
<dimen name="h_566">566.0px</dimen>
<dimen name="h_567">567.0px</dimen>
<dimen name="h_568">568.0px</dimen>
<dimen name="h_569">569.0px</dimen>
<dimen name="h_570">570.0px</dimen>
<dimen name="h_571">571.0px</dimen>
<dimen name="h_572">572.0px</dimen>
<dimen name="h_573">573.0px</dimen>
<dimen name="h_574">574.0px</dimen>
<dimen name="h_575">575.0px</dimen>
<dimen name="h_576">576.0px</dimen>
<dimen name="h_577">577.0px</dimen>
<dimen name="h_578">578.0px</dimen>
<dimen name="h_579">579.0px</dimen>
<dimen name="h_580">580.0px</dimen>
<dimen name="h_581">581.0px</dimen>
<dimen name="h_582">582.0px</dimen>
<dimen name="h_583">583.0px</dimen>
<dimen name="h_584">584.0px</dimen>
<dimen name="h_585">585.0px</dimen>
<dimen name="h_586">586.0px</dimen>
<dimen name="h_587">587.0px</dimen>
<dimen name="h_588">588.0px</dimen>
<dimen name="h_589">589.0px</dimen>
<dimen name="h_590">590.0px</dimen>
<dimen name="h_591">591.0px</dimen>
<dimen name="h_592">592.0px</dimen>
<dimen name="h_593">593.0px</dimen>
<dimen name="h_594">594.0px</dimen>
<dimen name="h_595">595.0px</dimen>
<dimen name="h_596">596.0px</dimen>
<dimen name="h_597">597.0px</dimen>
<dimen name="h_598">598.0px</dimen>
<dimen name="h_599">599.0px</dimen>
<dimen name="h_600">600.0px</dimen>
<dimen name="h_601">601.0px</dimen>
<dimen name="h_602">602.0px</dimen>
<dimen name="h_603">603.0px</dimen>
<dimen name="h_604">604.0px</dimen>
<dimen name="h_605">605.0px</dimen>
<dimen name="h_606">606.0px</dimen>
<dimen name="h_607">607.0px</dimen>
<dimen name="h_608">608.0px</dimen>
<dimen name="h_609">609.0px</dimen>
<dimen name="h_610">610.0px</dimen>
<dimen name="h_611">611.0px</dimen>
<dimen name="h_612">612.0px</dimen>
<dimen name="h_613">613.0px</dimen>
<dimen name="h_614">614.0px</dimen>
<dimen name="h_615">615.0px</dimen>
<dimen name="h_616">616.0px</dimen>
<dimen name="h_617">617.0px</dimen>
<dimen name="h_618">618.0px</dimen>
<dimen name="h_619">619.0px</dimen>
<dimen name="h_620">620.0px</dimen>
<dimen name="h_621">621.0px</dimen>
<dimen name="h_622">622.0px</dimen>
<dimen name="h_623">623.0px</dimen>
<dimen name="h_624">624.0px</dimen>
<dimen name="h_625">625.0px</dimen>
<dimen name="h_626">626.0px</dimen>
<dimen name="h_627">627.0px</dimen>
<dimen name="h_628">628.0px</dimen>
<dimen name="h_629">629.0px</dimen>
<dimen name="h_630">630.0px</dimen>
<dimen name="h_631">631.0px</dimen>
<dimen name="h_632">632.0px</dimen>
<dimen name="h_633">633.0px</dimen>
<dimen name="h_634">634.0px</dimen>
<dimen name="h_635">635.0px</dimen>
<dimen name="h_636">636.0px</dimen>
<dimen name="h_637">637.0px</dimen>
<dimen name="h_638">638.0px</dimen>
<dimen name="h_639">639.0px</dimen>
<dimen name="h_640">640.0px</dimen>
<dimen name="h_641">641.0px</dimen>
<dimen name="h_642">642.0px</dimen>
<dimen name="h_643">643.0px</dimen>
<dimen name="h_644">644.0px</dimen>
<dimen name="h_645">645.0px</dimen>
<dimen name="h_646">646.0px</dimen>
<dimen name="h_647">647.0px</dimen>
<dimen name="h_648">648.0px</dimen>
<dimen name="h_649">649.0px</dimen>
<dimen name="h_650">650.0px</dimen>
<dimen name="h_651">651.0px</dimen>
<dimen name="h_652">652.0px</dimen>
<dimen name="h_653">653.0px</dimen>
<dimen name="h_654">654.0px</dimen>
<dimen name="h_655">655.0px</dimen>
<dimen name="h_656">656.0px</dimen>
<dimen name="h_657">657.0px</dimen>
<dimen name="h_658">658.0px</dimen>
<dimen name="h_659">659.0px</dimen>
<dimen name="h_660">660.0px</dimen>
<dimen name="h_661">661.0px</dimen>
<dimen name="h_662">662.0px</dimen>
<dimen name="h_663">663.0px</dimen>
<dimen name="h_664">664.0px</dimen>
<dimen name="h_665">665.0px</dimen>
<dimen name="h_666">666.0px</dimen>
<dimen name="h_667">667.0px</dimen>
<dimen name="h_668">668.0px</dimen>
<dimen name="h_669">669.0px</dimen>
<dimen name="h_670">670.0px</dimen>
<dimen name="h_671">671.0px</dimen>
<dimen name="h_672">672.0px</dimen>
<dimen name="h_673">673.0px</dimen>
<dimen name="h_674">674.0px</dimen>
<dimen name="h_675">675.0px</dimen>
<dimen name="h_676">676.0px</dimen>
<dimen name="h_677">677.0px</dimen>
<dimen name="h_678">678.0px</dimen>
<dimen name="h_679">679.0px</dimen>
<dimen name="h_680">680.0px</dimen>
<dimen name="h_681">681.0px</dimen>
<dimen name="h_682">682.0px</dimen>
<dimen name="h_683">683.0px</dimen>
<dimen name="h_684">684.0px</dimen>
<dimen name="h_685">685.0px</dimen>
<dimen name="h_686">686.0px</dimen>
<dimen name="h_687">687.0px</dimen>
<dimen name="h_688">688.0px</dimen>
<dimen name="h_689">689.0px</dimen>
<dimen name="h_690">690.0px</dimen>
<dimen name="h_691">691.0px</dimen>
<dimen name="h_692">692.0px</dimen>
<dimen name="h_693">693.0px</dimen>
<dimen name="h_694">694.0px</dimen>
<dimen name="h_695">695.0px</dimen>
<dimen name="h_696">696.0px</dimen>
<dimen name="h_697">697.0px</dimen>
<dimen name="h_698">698.0px</dimen>
<dimen name="h_699">699.0px</dimen>
<dimen name="h_700">700.0px</dimen>
<dimen name="h_701">701.0px</dimen>
<dimen name="h_702">702.0px</dimen>
<dimen name="h_703">703.0px</dimen>
<dimen name="h_704">704.0px</dimen>
<dimen name="h_705">705.0px</dimen>
<dimen name="h_706">706.0px</dimen>
<dimen name="h_707">707.0px</dimen>
<dimen name="h_708">708.0px</dimen>
<dimen name="h_709">709.0px</dimen>
<dimen name="h_710">710.0px</dimen>
<dimen name="h_711">711.0px</dimen>
<dimen name="h_712">712.0px</dimen>
<dimen name="h_713">713.0px</dimen>
<dimen name="h_714">714.0px</dimen>
<dimen name="h_715">715.0px</dimen>
<dimen name="h_716">716.0px</dimen>
<dimen name="h_717">717.0px</dimen>
<dimen name="h_718">718.0px</dimen>
<dimen name="h_719">719.0px</dimen>
<dimen name="h_720">720.0px</dimen>
<dimen name="h_721">721.0px</dimen>
<dimen name="h_722">722.0px</dimen>
<dimen name="h_723">723.0px</dimen>
<dimen name="h_724">724.0px</dimen>
<dimen name="h_725">725.0px</dimen>
<dimen name="h_726">726.0px</dimen>
<dimen name="h_727">727.0px</dimen>
<dimen name="h_728">728.0px</dimen>
<dimen name="h_729">729.0px</dimen>
<dimen name="h_730">730.0px</dimen>
<dimen name="h_731">731.0px</dimen>
<dimen name="h_732">732.0px</dimen>
<dimen name="h_733">733.0px</dimen>
<dimen name="h_734">734.0px</dimen>
<dimen name="h_735">735.0px</dimen>
<dimen name="h_736">736.0px</dimen>
<dimen name="h_737">737.0px</dimen>
<dimen name="h_738">738.0px</dimen>
<dimen name="h_739">739.0px</dimen>
<dimen name="h_740">740.0px</dimen>
<dimen name="h_741">741.0px</dimen>
<dimen name="h_742">742.0px</dimen>
<dimen name="h_743">743.0px</dimen>
<dimen name="h_744">744.0px</dimen>
<dimen name="h_745">745.0px</dimen>
<dimen name="h_746">746.0px</dimen>
<dimen name="h_747">747.0px</dimen>
<dimen name="h_748">748.0px</dimen>
<dimen name="h_749">749.0px</dimen>
<dimen name="h_750">750.0px</dimen>
<dimen name="h_751">751.0px</dimen>
<dimen name="h_752">752.0px</dimen>
<dimen name="h_753">753.0px</dimen>
<dimen name="h_754">754.0px</dimen>
<dimen name="h_755">755.0px</dimen>
<dimen name="h_756">756.0px</dimen>
<dimen name="h_757">757.0px</dimen>
<dimen name="h_758">758.0px</dimen>
<dimen name="h_759">759.0px</dimen>
<dimen name="h_760">760.0px</dimen>
<dimen name="h_761">761.0px</dimen>
<dimen name="h_762">762.0px</dimen>
<dimen name="h_763">763.0px</dimen>
<dimen name="h_764">764.0px</dimen>
<dimen name="h_765">765.0px</dimen>
<dimen name="h_766">766.0px</dimen>
<dimen name="h_767">767.0px</dimen>
<dimen name="h_768">768.0px</dimen>
<dimen name="h_769">769.0px</dimen>
<dimen name="h_770">770.0px</dimen>
<dimen name="h_771">771.0px</dimen>
<dimen name="h_772">772.0px</dimen>
<dimen name="h_773">773.0px</dimen>
<dimen name="h_774">774.0px</dimen>
<dimen name="h_775">775.0px</dimen>
<dimen name="h_776">776.0px</dimen>
<dimen name="h_777">777.0px</dimen>
<dimen name="h_778">778.0px</dimen>
<dimen name="h_779">779.0px</dimen>
<dimen name="h_780">780.0px</dimen>
<dimen name="h_781">781.0px</dimen>
<dimen name="h_782">782.0px</dimen>
<dimen name="h_783">783.0px</dimen>
<dimen name="h_784">784.0px</dimen>
<dimen name="h_785">785.0px</dimen>
<dimen name="h_786">786.0px</dimen>
<dimen name="h_787">787.0px</dimen>
<dimen name="h_788">788.0px</dimen>
<dimen name="h_789">789.0px</dimen>
<dimen name="h_790">790.0px</dimen>
<dimen name="h_791">791.0px</dimen>
<dimen name="h_792">792.0px</dimen>
<dimen name="h_793">793.0px</dimen>
<dimen name="h_794">794.0px</dimen>
<dimen name="h_795">795.0px</dimen>
<dimen name="h_796">796.0px</dimen>
<dimen name="h_797">797.0px</dimen>
<dimen name="h_798">798.0px</dimen>
<dimen name="h_799">799.0px</dimen>
<dimen name="h_800">800.0px</dimen>
<dimen name="h_801">801.0px</dimen>
<dimen name="h_802">802.0px</dimen>
<dimen name="h_803">803.0px</dimen>
<dimen name="h_804">804.0px</dimen>
<dimen name="h_805">805.0px</dimen>
<dimen name="h_806">806.0px</dimen>
<dimen name="h_807">807.0px</dimen>
<dimen name="h_808">808.0px</dimen>
<dimen name="h_809">809.0px</dimen>
<dimen name="h_810">810.0px</dimen>
<dimen name="h_811">811.0px</dimen>
<dimen name="h_812">812.0px</dimen>
<dimen name="h_813">813.0px</dimen>
<dimen name="h_814">814.0px</dimen>
<dimen name="h_815">815.0px</dimen>
<dimen name="h_816">816.0px</dimen>
<dimen name="h_817">817.0px</dimen>
<dimen name="h_818">818.0px</dimen>
<dimen name="h_819">819.0px</dimen>
<dimen name="h_820">820.0px</dimen>
<dimen name="h_821">821.0px</dimen>
<dimen name="h_822">822.0px</dimen>
<dimen name="h_823">823.0px</dimen>
<dimen name="h_824">824.0px</dimen>
<dimen name="h_825">825.0px</dimen>
<dimen name="h_826">826.0px</dimen>
<dimen name="h_827">827.0px</dimen>
<dimen name="h_828">828.0px</dimen>
<dimen name="h_829">829.0px</dimen>
<dimen name="h_830">830.0px</dimen>
<dimen name="h_831">831.0px</dimen>
<dimen name="h_832">832.0px</dimen>
<dimen name="h_833">833.0px</dimen>
<dimen name="h_834">834.0px</dimen>
<dimen name="h_835">835.0px</dimen>
<dimen name="h_836">836.0px</dimen>
<dimen name="h_837">837.0px</dimen>
<dimen name="h_838">838.0px</dimen>
<dimen name="h_839">839.0px</dimen>
<dimen name="h_840">840.0px</dimen>
<dimen name="h_841">841.0px</dimen>
<dimen name="h_842">842.0px</dimen>
<dimen name="h_843">843.0px</dimen>
<dimen name="h_844">844.0px</dimen>
<dimen name="h_845">845.0px</dimen>
<dimen name="h_846">846.0px</dimen>
<dimen name="h_847">847.0px</dimen>
<dimen name="h_848">848.0px</dimen>
<dimen name="h_849">849.0px</dimen>
<dimen name="h_850">850.0px</dimen>
<dimen name="h_851">851.0px</dimen>
<dimen name="h_852">852.0px</dimen>
<dimen name="h_853">853.0px</dimen>
<dimen name="h_854">854.0px</dimen>
<dimen name="h_855">855.0px</dimen>
<dimen name="h_856">856.0px</dimen>
<dimen name="h_857">857.0px</dimen>
<dimen name="h_858">858.0px</dimen>
<dimen name="h_859">859.0px</dimen>
<dimen name="h_860">860.0px</dimen>
<dimen name="h_861">861.0px</dimen>
<dimen name="h_862">862.0px</dimen>
<dimen name="h_863">863.0px</dimen>
<dimen name="h_864">864.0px</dimen>
<dimen name="h_865">865.0px</dimen>
<dimen name="h_866">866.0px</dimen>
<dimen name="h_867">867.0px</dimen>
<dimen name="h_868">868.0px</dimen>
<dimen name="h_869">869.0px</dimen>
<dimen name="h_870">870.0px</dimen>
<dimen name="h_871">871.0px</dimen>
<dimen name="h_872">872.0px</dimen>
<dimen name="h_873">873.0px</dimen>
<dimen name="h_874">874.0px</dimen>
<dimen name="h_875">875.0px</dimen>
<dimen name="h_876">876.0px</dimen>
<dimen name="h_877">877.0px</dimen>
<dimen name="h_878">878.0px</dimen>
<dimen name="h_879">879.0px</dimen>
<dimen name="h_880">880.0px</dimen>
<dimen name="h_881">881.0px</dimen>
<dimen name="h_882">882.0px</dimen>
<dimen name="h_883">883.0px</dimen>
<dimen name="h_884">884.0px</dimen>
<dimen name="h_885">885.0px</dimen>
<dimen name="h_886">886.0px</dimen>
<dimen name="h_887">887.0px</dimen>
<dimen name="h_888">888.0px</dimen>
<dimen name="h_889">889.0px</dimen>
<dimen name="h_890">890.0px</dimen>
<dimen name="h_891">891.0px</dimen>
<dimen name="h_892">892.0px</dimen>
<dimen name="h_893">893.0px</dimen>
<dimen name="h_894">894.0px</dimen>
<dimen name="h_895">895.0px</dimen>
<dimen name="h_896">896.0px</dimen>
<dimen name="h_897">897.0px</dimen>
<dimen name="h_898">898.0px</dimen>
<dimen name="h_899">899.0px</dimen>
<dimen name="h_900">900.0px</dimen>
<dimen name="h_901">901.0px</dimen>
<dimen name="h_902">902.0px</dimen>
<dimen name="h_903">903.0px</dimen>
<dimen name="h_904">904.0px</dimen>
<dimen name="h_905">905.0px</dimen>
<dimen name="h_906">906.0px</dimen>
<dimen name="h_907">907.0px</dimen>
<dimen name="h_908">908.0px</dimen>
<dimen name="h_909">909.0px</dimen>
<dimen name="h_910">910.0px</dimen>
<dimen name="h_911">911.0px</dimen>
<dimen name="h_912">912.0px</dimen>
<dimen name="h_913">913.0px</dimen>
<dimen name="h_914">914.0px</dimen>
<dimen name="h_915">915.0px</dimen>
<dimen name="h_916">916.0px</dimen>
<dimen name="h_917">917.0px</dimen>
<dimen name="h_918">918.0px</dimen>
<dimen name="h_919">919.0px</dimen>
<dimen name="h_920">920.0px</dimen>
<dimen name="h_921">921.0px</dimen>
<dimen name="h_922">922.0px</dimen>
<dimen name="h_923">923.0px</dimen>
<dimen name="h_924">924.0px</dimen>
<dimen name="h_925">925.0px</dimen>
<dimen name="h_926">926.0px</dimen>
<dimen name="h_927">927.0px</dimen>
<dimen name="h_928">928.0px</dimen>
<dimen name="h_929">929.0px</dimen>
<dimen name="h_930">930.0px</dimen>
<dimen name="h_931">931.0px</dimen>
<dimen name="h_932">932.0px</dimen>
<dimen name="h_933">933.0px</dimen>
<dimen name="h_934">934.0px</dimen>
<dimen name="h_935">935.0px</dimen>
<dimen name="h_936">936.0px</dimen>
<dimen name="h_937">937.0px</dimen>
<dimen name="h_938">938.0px</dimen>
<dimen name="h_939">939.0px</dimen>
<dimen name="h_940">940.0px</dimen>
<dimen name="h_941">941.0px</dimen>
<dimen name="h_942">942.0px</dimen>
<dimen name="h_943">943.0px</dimen>
<dimen name="h_944">944.0px</dimen>
<dimen name="h_945">945.0px</dimen>
<dimen name="h_946">946.0px</dimen>
<dimen name="h_947">947.0px</dimen>
<dimen name="h_948">948.0px</dimen>
<dimen name="h_949">949.0px</dimen>
<dimen name="h_950">950.0px</dimen>
<dimen name="h_951">951.0px</dimen>
<dimen name="h_952">952.0px</dimen>
<dimen name="h_953">953.0px</dimen>
<dimen name="h_954">954.0px</dimen>
<dimen name="h_955">955.0px</dimen>
<dimen name="h_956">956.0px</dimen>
<dimen name="h_957">957.0px</dimen>
<dimen name="h_958">958.0px</dimen>
<dimen name="h_959">959.0px</dimen>
<dimen name="h_960">960.0px</dimen>
<dimen name="h_961">961.0px</dimen>
<dimen name="h_962">962.0px</dimen>
<dimen name="h_963">963.0px</dimen>
<dimen name="h_964">964.0px</dimen>
<dimen name="h_965">965.0px</dimen>
<dimen name="h_966">966.0px</dimen>
<dimen name="h_967">967.0px</dimen>
<dimen name="h_968">968.0px</dimen>
<dimen name="h_969">969.0px</dimen>
<dimen name="h_970">970.0px</dimen>
<dimen name="h_971">971.0px</dimen>
<dimen name="h_972">972.0px</dimen>
<dimen name="h_973">973.0px</dimen>
<dimen name="h_974">974.0px</dimen>
<dimen name="h_975">975.0px</dimen>
<dimen name="h_976">976.0px</dimen>
<dimen name="h_977">977.0px</dimen>
<dimen name="h_978">978.0px</dimen>
<dimen name="h_979">979.0px</dimen>
<dimen name="h_980">980.0px</dimen>
<dimen name="h_981">981.0px</dimen>
<dimen name="h_982">982.0px</dimen>
<dimen name="h_983">983.0px</dimen>
<dimen name="h_984">984.0px</dimen>
<dimen name="h_985">985.0px</dimen>
<dimen name="h_986">986.0px</dimen>
<dimen name="h_987">987.0px</dimen>
<dimen name="h_988">988.0px</dimen>
<dimen name="h_989">989.0px</dimen>
<dimen name="h_990">990.0px</dimen>
<dimen name="h_991">991.0px</dimen>
<dimen name="h_992">992.0px</dimen>
<dimen name="h_993">993.0px</dimen>
<dimen name="h_994">994.0px</dimen>
<dimen name="h_995">995.0px</dimen>
<dimen name="h_996">996.0px</dimen>
<dimen name="h_997">997.0px</dimen>
<dimen name="h_998">998.0px</dimen>
<dimen name="h_999">999.0px</dimen>
<dimen name="h_1000">1000.0px</dimen>
<dimen name="h_1001">1001.0px</dimen>
<dimen name="h_1002">1002.0px</dimen>
<dimen name="h_1003">1003.0px</dimen>
<dimen name="h_1004">1004.0px</dimen>
<dimen name="h_1005">1005.0px</dimen>
<dimen name="h_1006">1006.0px</dimen>
<dimen name="h_1007">1007.0px</dimen>
<dimen name="h_1008">1008.0px</dimen>
<dimen name="h_1009">1009.0px</dimen>
<dimen name="h_1010">1010.0px</dimen>
<dimen name="h_1011">1011.0px</dimen>
<dimen name="h_1012">1012.0px</dimen>
<dimen name="h_1013">1013.0px</dimen>
<dimen name="h_1014">1014.0px</dimen>
<dimen name="h_1015">1015.0px</dimen>
<dimen name="h_1016">1016.0px</dimen>
<dimen name="h_1017">1017.0px</dimen>
<dimen name="h_1018">1018.0px</dimen>
<dimen name="h_1019">1019.0px</dimen>
<dimen name="h_1020">1020.0px</dimen>
<dimen name="h_1021">1021.0px</dimen>
<dimen name="h_1022">1022.0px</dimen>
<dimen name="h_1023">1023.0px</dimen>
<dimen name="h_1024">1024.0px</dimen>
<dimen name="h_1025">1025.0px</dimen>
<dimen name="h_1026">1026.0px</dimen>
<dimen name="h_1027">1027.0px</dimen>
<dimen name="h_1028">1028.0px</dimen>
<dimen name="h_1029">1029.0px</dimen>
<dimen name="h_1030">1030.0px</dimen>
<dimen name="h_1031">1031.0px</dimen>
<dimen name="h_1032">1032px</dimen>
</resources>