<?xml version="1.0" encoding="utf-8"?>
<resources><dimen name="h_1">1.39px</dimen>
<dimen name="h_2">2.79px</dimen>
<dimen name="h_3">4.18px</dimen>
<dimen name="h_4">5.58px</dimen>
<dimen name="h_5">6.97px</dimen>
<dimen name="h_6">8.37px</dimen>
<dimen name="h_7">9.76px</dimen>
<dimen name="h_8">11.16px</dimen>
<dimen name="h_9">12.55px</dimen>
<dimen name="h_10">13.95px</dimen>
<dimen name="h_11">15.34px</dimen>
<dimen name="h_12">16.74px</dimen>
<dimen name="h_13">18.13px</dimen>
<dimen name="h_14">19.53px</dimen>
<dimen name="h_15">20.93px</dimen>
<dimen name="h_16">22.32px</dimen>
<dimen name="h_17">23.72px</dimen>
<dimen name="h_18">25.11px</dimen>
<dimen name="h_19">26.51px</dimen>
<dimen name="h_20">27.9px</dimen>
<dimen name="h_21">29.3px</dimen>
<dimen name="h_22">30.69px</dimen>
<dimen name="h_23">32.09px</dimen>
<dimen name="h_24">33.48px</dimen>
<dimen name="h_25">34.88px</dimen>
<dimen name="h_26">36.27px</dimen>
<dimen name="h_27">37.67px</dimen>
<dimen name="h_28">39.06px</dimen>
<dimen name="h_29">40.46px</dimen>
<dimen name="h_30">41.86px</dimen>
<dimen name="h_31">43.25px</dimen>
<dimen name="h_32">44.65px</dimen>
<dimen name="h_33">46.04px</dimen>
<dimen name="h_34">47.44px</dimen>
<dimen name="h_35">48.83px</dimen>
<dimen name="h_36">50.23px</dimen>
<dimen name="h_37">51.62px</dimen>
<dimen name="h_38">53.02px</dimen>
<dimen name="h_39">54.41px</dimen>
<dimen name="h_40">55.81px</dimen>
<dimen name="h_41">57.2px</dimen>
<dimen name="h_42">58.6px</dimen>
<dimen name="h_43">59.99px</dimen>
<dimen name="h_44">61.39px</dimen>
<dimen name="h_45">62.79px</dimen>
<dimen name="h_46">64.18px</dimen>
<dimen name="h_47">65.58px</dimen>
<dimen name="h_48">66.97px</dimen>
<dimen name="h_49">68.37px</dimen>
<dimen name="h_50">69.76px</dimen>
<dimen name="h_51">71.16px</dimen>
<dimen name="h_52">72.55px</dimen>
<dimen name="h_53">73.95px</dimen>
<dimen name="h_54">75.34px</dimen>
<dimen name="h_55">76.74px</dimen>
<dimen name="h_56">78.13px</dimen>
<dimen name="h_57">79.53px</dimen>
<dimen name="h_58">80.93px</dimen>
<dimen name="h_59">82.32px</dimen>
<dimen name="h_60">83.72px</dimen>
<dimen name="h_61">85.11px</dimen>
<dimen name="h_62">86.51px</dimen>
<dimen name="h_63">87.9px</dimen>
<dimen name="h_64">89.3px</dimen>
<dimen name="h_65">90.69px</dimen>
<dimen name="h_66">92.09px</dimen>
<dimen name="h_67">93.48px</dimen>
<dimen name="h_68">94.88px</dimen>
<dimen name="h_69">96.27px</dimen>
<dimen name="h_70">97.67px</dimen>
<dimen name="h_71">99.06px</dimen>
<dimen name="h_72">100.46px</dimen>
<dimen name="h_73">101.86px</dimen>
<dimen name="h_74">103.25px</dimen>
<dimen name="h_75">104.65px</dimen>
<dimen name="h_76">106.04px</dimen>
<dimen name="h_77">107.44px</dimen>
<dimen name="h_78">108.83px</dimen>
<dimen name="h_79">110.23px</dimen>
<dimen name="h_80">111.62px</dimen>
<dimen name="h_81">113.02px</dimen>
<dimen name="h_82">114.41px</dimen>
<dimen name="h_83">115.81px</dimen>
<dimen name="h_84">117.2px</dimen>
<dimen name="h_85">118.6px</dimen>
<dimen name="h_86">119.99px</dimen>
<dimen name="h_87">121.39px</dimen>
<dimen name="h_88">122.79px</dimen>
<dimen name="h_89">124.18px</dimen>
<dimen name="h_90">125.58px</dimen>
<dimen name="h_91">126.97px</dimen>
<dimen name="h_92">128.37px</dimen>
<dimen name="h_93">129.76px</dimen>
<dimen name="h_94">131.16px</dimen>
<dimen name="h_95">132.55px</dimen>
<dimen name="h_96">133.95px</dimen>
<dimen name="h_97">135.34px</dimen>
<dimen name="h_98">136.74px</dimen>
<dimen name="h_99">138.13px</dimen>
<dimen name="h_100">139.53px</dimen>
<dimen name="h_101">140.93px</dimen>
<dimen name="h_102">142.32px</dimen>
<dimen name="h_103">143.72px</dimen>
<dimen name="h_104">145.11px</dimen>
<dimen name="h_105">146.51px</dimen>
<dimen name="h_106">147.9px</dimen>
<dimen name="h_107">149.3px</dimen>
<dimen name="h_108">150.69px</dimen>
<dimen name="h_109">152.09px</dimen>
<dimen name="h_110">153.48px</dimen>
<dimen name="h_111">154.88px</dimen>
<dimen name="h_112">156.27px</dimen>
<dimen name="h_113">157.67px</dimen>
<dimen name="h_114">159.06px</dimen>
<dimen name="h_115">160.46px</dimen>
<dimen name="h_116">161.86px</dimen>
<dimen name="h_117">163.25px</dimen>
<dimen name="h_118">164.65px</dimen>
<dimen name="h_119">166.04px</dimen>
<dimen name="h_120">167.44px</dimen>
<dimen name="h_121">168.83px</dimen>
<dimen name="h_122">170.23px</dimen>
<dimen name="h_123">171.62px</dimen>
<dimen name="h_124">173.02px</dimen>
<dimen name="h_125">174.41px</dimen>
<dimen name="h_126">175.81px</dimen>
<dimen name="h_127">177.2px</dimen>
<dimen name="h_128">178.6px</dimen>
<dimen name="h_129">180.0px</dimen>
<dimen name="h_130">181.39px</dimen>
<dimen name="h_131">182.79px</dimen>
<dimen name="h_132">184.18px</dimen>
<dimen name="h_133">185.58px</dimen>
<dimen name="h_134">186.97px</dimen>
<dimen name="h_135">188.37px</dimen>
<dimen name="h_136">189.76px</dimen>
<dimen name="h_137">191.16px</dimen>
<dimen name="h_138">192.55px</dimen>
<dimen name="h_139">193.95px</dimen>
<dimen name="h_140">195.34px</dimen>
<dimen name="h_141">196.74px</dimen>
<dimen name="h_142">198.13px</dimen>
<dimen name="h_143">199.53px</dimen>
<dimen name="h_144">200.93px</dimen>
<dimen name="h_145">202.32px</dimen>
<dimen name="h_146">203.72px</dimen>
<dimen name="h_147">205.11px</dimen>
<dimen name="h_148">206.51px</dimen>
<dimen name="h_149">207.9px</dimen>
<dimen name="h_150">209.3px</dimen>
<dimen name="h_151">210.69px</dimen>
<dimen name="h_152">212.09px</dimen>
<dimen name="h_153">213.48px</dimen>
<dimen name="h_154">214.88px</dimen>
<dimen name="h_155">216.27px</dimen>
<dimen name="h_156">217.67px</dimen>
<dimen name="h_157">219.06px</dimen>
<dimen name="h_158">220.46px</dimen>
<dimen name="h_159">221.86px</dimen>
<dimen name="h_160">223.25px</dimen>
<dimen name="h_161">224.65px</dimen>
<dimen name="h_162">226.04px</dimen>
<dimen name="h_163">227.44px</dimen>
<dimen name="h_164">228.83px</dimen>
<dimen name="h_165">230.23px</dimen>
<dimen name="h_166">231.62px</dimen>
<dimen name="h_167">233.02px</dimen>
<dimen name="h_168">234.41px</dimen>
<dimen name="h_169">235.81px</dimen>
<dimen name="h_170">237.2px</dimen>
<dimen name="h_171">238.6px</dimen>
<dimen name="h_172">239.99px</dimen>
<dimen name="h_173">241.39px</dimen>
<dimen name="h_174">242.79px</dimen>
<dimen name="h_175">244.18px</dimen>
<dimen name="h_176">245.58px</dimen>
<dimen name="h_177">246.97px</dimen>
<dimen name="h_178">248.37px</dimen>
<dimen name="h_179">249.76px</dimen>
<dimen name="h_180">251.16px</dimen>
<dimen name="h_181">252.55px</dimen>
<dimen name="h_182">253.95px</dimen>
<dimen name="h_183">255.34px</dimen>
<dimen name="h_184">256.74px</dimen>
<dimen name="h_185">258.13px</dimen>
<dimen name="h_186">259.53px</dimen>
<dimen name="h_187">260.93px</dimen>
<dimen name="h_188">262.32px</dimen>
<dimen name="h_189">263.72px</dimen>
<dimen name="h_190">265.11px</dimen>
<dimen name="h_191">266.51px</dimen>
<dimen name="h_192">267.9px</dimen>
<dimen name="h_193">269.3px</dimen>
<dimen name="h_194">270.69px</dimen>
<dimen name="h_195">272.09px</dimen>
<dimen name="h_196">273.48px</dimen>
<dimen name="h_197">274.88px</dimen>
<dimen name="h_198">276.27px</dimen>
<dimen name="h_199">277.67px</dimen>
<dimen name="h_200">279.06px</dimen>
<dimen name="h_201">280.46px</dimen>
<dimen name="h_202">281.86px</dimen>
<dimen name="h_203">283.25px</dimen>
<dimen name="h_204">284.65px</dimen>
<dimen name="h_205">286.04px</dimen>
<dimen name="h_206">287.44px</dimen>
<dimen name="h_207">288.83px</dimen>
<dimen name="h_208">290.23px</dimen>
<dimen name="h_209">291.62px</dimen>
<dimen name="h_210">293.02px</dimen>
<dimen name="h_211">294.41px</dimen>
<dimen name="h_212">295.81px</dimen>
<dimen name="h_213">297.2px</dimen>
<dimen name="h_214">298.6px</dimen>
<dimen name="h_215">300.0px</dimen>
<dimen name="h_216">301.39px</dimen>
<dimen name="h_217">302.79px</dimen>
<dimen name="h_218">304.18px</dimen>
<dimen name="h_219">305.58px</dimen>
<dimen name="h_220">306.97px</dimen>
<dimen name="h_221">308.37px</dimen>
<dimen name="h_222">309.76px</dimen>
<dimen name="h_223">311.16px</dimen>
<dimen name="h_224">312.55px</dimen>
<dimen name="h_225">313.95px</dimen>
<dimen name="h_226">315.34px</dimen>
<dimen name="h_227">316.74px</dimen>
<dimen name="h_228">318.13px</dimen>
<dimen name="h_229">319.53px</dimen>
<dimen name="h_230">320.93px</dimen>
<dimen name="h_231">322.32px</dimen>
<dimen name="h_232">323.72px</dimen>
<dimen name="h_233">325.11px</dimen>
<dimen name="h_234">326.51px</dimen>
<dimen name="h_235">327.9px</dimen>
<dimen name="h_236">329.3px</dimen>
<dimen name="h_237">330.69px</dimen>
<dimen name="h_238">332.09px</dimen>
<dimen name="h_239">333.48px</dimen>
<dimen name="h_240">334.88px</dimen>
<dimen name="h_241">336.27px</dimen>
<dimen name="h_242">337.67px</dimen>
<dimen name="h_243">339.06px</dimen>
<dimen name="h_244">340.46px</dimen>
<dimen name="h_245">341.86px</dimen>
<dimen name="h_246">343.25px</dimen>
<dimen name="h_247">344.65px</dimen>
<dimen name="h_248">346.04px</dimen>
<dimen name="h_249">347.44px</dimen>
<dimen name="h_250">348.83px</dimen>
<dimen name="h_251">350.23px</dimen>
<dimen name="h_252">351.62px</dimen>
<dimen name="h_253">353.02px</dimen>
<dimen name="h_254">354.41px</dimen>
<dimen name="h_255">355.81px</dimen>
<dimen name="h_256">357.2px</dimen>
<dimen name="h_257">358.6px</dimen>
<dimen name="h_258">360.0px</dimen>
<dimen name="h_259">361.39px</dimen>
<dimen name="h_260">362.79px</dimen>
<dimen name="h_261">364.18px</dimen>
<dimen name="h_262">365.58px</dimen>
<dimen name="h_263">366.97px</dimen>
<dimen name="h_264">368.37px</dimen>
<dimen name="h_265">369.76px</dimen>
<dimen name="h_266">371.16px</dimen>
<dimen name="h_267">372.55px</dimen>
<dimen name="h_268">373.95px</dimen>
<dimen name="h_269">375.34px</dimen>
<dimen name="h_270">376.74px</dimen>
<dimen name="h_271">378.13px</dimen>
<dimen name="h_272">379.53px</dimen>
<dimen name="h_273">380.93px</dimen>
<dimen name="h_274">382.32px</dimen>
<dimen name="h_275">383.72px</dimen>
<dimen name="h_276">385.11px</dimen>
<dimen name="h_277">386.51px</dimen>
<dimen name="h_278">387.9px</dimen>
<dimen name="h_279">389.3px</dimen>
<dimen name="h_280">390.69px</dimen>
<dimen name="h_281">392.09px</dimen>
<dimen name="h_282">393.48px</dimen>
<dimen name="h_283">394.88px</dimen>
<dimen name="h_284">396.27px</dimen>
<dimen name="h_285">397.67px</dimen>
<dimen name="h_286">399.06px</dimen>
<dimen name="h_287">400.46px</dimen>
<dimen name="h_288">401.86px</dimen>
<dimen name="h_289">403.25px</dimen>
<dimen name="h_290">404.65px</dimen>
<dimen name="h_291">406.04px</dimen>
<dimen name="h_292">407.44px</dimen>
<dimen name="h_293">408.83px</dimen>
<dimen name="h_294">410.23px</dimen>
<dimen name="h_295">411.62px</dimen>
<dimen name="h_296">413.02px</dimen>
<dimen name="h_297">414.41px</dimen>
<dimen name="h_298">415.81px</dimen>
<dimen name="h_299">417.2px</dimen>
<dimen name="h_300">418.6px</dimen>
<dimen name="h_301">420.0px</dimen>
<dimen name="h_302">421.39px</dimen>
<dimen name="h_303">422.79px</dimen>
<dimen name="h_304">424.18px</dimen>
<dimen name="h_305">425.58px</dimen>
<dimen name="h_306">426.97px</dimen>
<dimen name="h_307">428.37px</dimen>
<dimen name="h_308">429.76px</dimen>
<dimen name="h_309">431.16px</dimen>
<dimen name="h_310">432.55px</dimen>
<dimen name="h_311">433.95px</dimen>
<dimen name="h_312">435.34px</dimen>
<dimen name="h_313">436.74px</dimen>
<dimen name="h_314">438.13px</dimen>
<dimen name="h_315">439.53px</dimen>
<dimen name="h_316">440.93px</dimen>
<dimen name="h_317">442.32px</dimen>
<dimen name="h_318">443.72px</dimen>
<dimen name="h_319">445.11px</dimen>
<dimen name="h_320">446.51px</dimen>
<dimen name="h_321">447.9px</dimen>
<dimen name="h_322">449.3px</dimen>
<dimen name="h_323">450.69px</dimen>
<dimen name="h_324">452.09px</dimen>
<dimen name="h_325">453.48px</dimen>
<dimen name="h_326">454.88px</dimen>
<dimen name="h_327">456.27px</dimen>
<dimen name="h_328">457.67px</dimen>
<dimen name="h_329">459.06px</dimen>
<dimen name="h_330">460.46px</dimen>
<dimen name="h_331">461.86px</dimen>
<dimen name="h_332">463.25px</dimen>
<dimen name="h_333">464.65px</dimen>
<dimen name="h_334">466.04px</dimen>
<dimen name="h_335">467.44px</dimen>
<dimen name="h_336">468.83px</dimen>
<dimen name="h_337">470.23px</dimen>
<dimen name="h_338">471.62px</dimen>
<dimen name="h_339">473.02px</dimen>
<dimen name="h_340">474.41px</dimen>
<dimen name="h_341">475.81px</dimen>
<dimen name="h_342">477.2px</dimen>
<dimen name="h_343">478.6px</dimen>
<dimen name="h_344">479.99px</dimen>
<dimen name="h_345">481.39px</dimen>
<dimen name="h_346">482.79px</dimen>
<dimen name="h_347">484.18px</dimen>
<dimen name="h_348">485.58px</dimen>
<dimen name="h_349">486.97px</dimen>
<dimen name="h_350">488.37px</dimen>
<dimen name="h_351">489.76px</dimen>
<dimen name="h_352">491.16px</dimen>
<dimen name="h_353">492.55px</dimen>
<dimen name="h_354">493.95px</dimen>
<dimen name="h_355">495.34px</dimen>
<dimen name="h_356">496.74px</dimen>
<dimen name="h_357">498.13px</dimen>
<dimen name="h_358">499.53px</dimen>
<dimen name="h_359">500.93px</dimen>
<dimen name="h_360">502.32px</dimen>
<dimen name="h_361">503.72px</dimen>
<dimen name="h_362">505.11px</dimen>
<dimen name="h_363">506.51px</dimen>
<dimen name="h_364">507.9px</dimen>
<dimen name="h_365">509.3px</dimen>
<dimen name="h_366">510.69px</dimen>
<dimen name="h_367">512.09px</dimen>
<dimen name="h_368">513.48px</dimen>
<dimen name="h_369">514.88px</dimen>
<dimen name="h_370">516.27px</dimen>
<dimen name="h_371">517.67px</dimen>
<dimen name="h_372">519.06px</dimen>
<dimen name="h_373">520.46px</dimen>
<dimen name="h_374">521.86px</dimen>
<dimen name="h_375">523.25px</dimen>
<dimen name="h_376">524.65px</dimen>
<dimen name="h_377">526.04px</dimen>
<dimen name="h_378">527.44px</dimen>
<dimen name="h_379">528.83px</dimen>
<dimen name="h_380">530.23px</dimen>
<dimen name="h_381">531.62px</dimen>
<dimen name="h_382">533.02px</dimen>
<dimen name="h_383">534.41px</dimen>
<dimen name="h_384">535.81px</dimen>
<dimen name="h_385">537.2px</dimen>
<dimen name="h_386">538.6px</dimen>
<dimen name="h_387">540.0px</dimen>
<dimen name="h_388">541.39px</dimen>
<dimen name="h_389">542.79px</dimen>
<dimen name="h_390">544.18px</dimen>
<dimen name="h_391">545.58px</dimen>
<dimen name="h_392">546.97px</dimen>
<dimen name="h_393">548.37px</dimen>
<dimen name="h_394">549.76px</dimen>
<dimen name="h_395">551.16px</dimen>
<dimen name="h_396">552.55px</dimen>
<dimen name="h_397">553.95px</dimen>
<dimen name="h_398">555.34px</dimen>
<dimen name="h_399">556.74px</dimen>
<dimen name="h_400">558.13px</dimen>
<dimen name="h_401">559.53px</dimen>
<dimen name="h_402">560.93px</dimen>
<dimen name="h_403">562.32px</dimen>
<dimen name="h_404">563.72px</dimen>
<dimen name="h_405">565.11px</dimen>
<dimen name="h_406">566.51px</dimen>
<dimen name="h_407">567.9px</dimen>
<dimen name="h_408">569.3px</dimen>
<dimen name="h_409">570.69px</dimen>
<dimen name="h_410">572.09px</dimen>
<dimen name="h_411">573.48px</dimen>
<dimen name="h_412">574.88px</dimen>
<dimen name="h_413">576.27px</dimen>
<dimen name="h_414">577.67px</dimen>
<dimen name="h_415">579.06px</dimen>
<dimen name="h_416">580.46px</dimen>
<dimen name="h_417">581.86px</dimen>
<dimen name="h_418">583.25px</dimen>
<dimen name="h_419">584.65px</dimen>
<dimen name="h_420">586.04px</dimen>
<dimen name="h_421">587.44px</dimen>
<dimen name="h_422">588.83px</dimen>
<dimen name="h_423">590.23px</dimen>
<dimen name="h_424">591.62px</dimen>
<dimen name="h_425">593.02px</dimen>
<dimen name="h_426">594.41px</dimen>
<dimen name="h_427">595.81px</dimen>
<dimen name="h_428">597.2px</dimen>
<dimen name="h_429">598.6px</dimen>
<dimen name="h_430">600.0px</dimen>
<dimen name="h_431">601.39px</dimen>
<dimen name="h_432">602.79px</dimen>
<dimen name="h_433">604.18px</dimen>
<dimen name="h_434">605.58px</dimen>
<dimen name="h_435">606.97px</dimen>
<dimen name="h_436">608.37px</dimen>
<dimen name="h_437">609.76px</dimen>
<dimen name="h_438">611.16px</dimen>
<dimen name="h_439">612.55px</dimen>
<dimen name="h_440">613.95px</dimen>
<dimen name="h_441">615.34px</dimen>
<dimen name="h_442">616.74px</dimen>
<dimen name="h_443">618.13px</dimen>
<dimen name="h_444">619.53px</dimen>
<dimen name="h_445">620.93px</dimen>
<dimen name="h_446">622.32px</dimen>
<dimen name="h_447">623.72px</dimen>
<dimen name="h_448">625.11px</dimen>
<dimen name="h_449">626.51px</dimen>
<dimen name="h_450">627.9px</dimen>
<dimen name="h_451">629.3px</dimen>
<dimen name="h_452">630.69px</dimen>
<dimen name="h_453">632.09px</dimen>
<dimen name="h_454">633.48px</dimen>
<dimen name="h_455">634.88px</dimen>
<dimen name="h_456">636.27px</dimen>
<dimen name="h_457">637.67px</dimen>
<dimen name="h_458">639.06px</dimen>
<dimen name="h_459">640.46px</dimen>
<dimen name="h_460">641.86px</dimen>
<dimen name="h_461">643.25px</dimen>
<dimen name="h_462">644.65px</dimen>
<dimen name="h_463">646.04px</dimen>
<dimen name="h_464">647.44px</dimen>
<dimen name="h_465">648.83px</dimen>
<dimen name="h_466">650.23px</dimen>
<dimen name="h_467">651.62px</dimen>
<dimen name="h_468">653.02px</dimen>
<dimen name="h_469">654.41px</dimen>
<dimen name="h_470">655.81px</dimen>
<dimen name="h_471">657.2px</dimen>
<dimen name="h_472">658.6px</dimen>
<dimen name="h_473">660.0px</dimen>
<dimen name="h_474">661.39px</dimen>
<dimen name="h_475">662.79px</dimen>
<dimen name="h_476">664.18px</dimen>
<dimen name="h_477">665.58px</dimen>
<dimen name="h_478">666.97px</dimen>
<dimen name="h_479">668.37px</dimen>
<dimen name="h_480">669.76px</dimen>
<dimen name="h_481">671.16px</dimen>
<dimen name="h_482">672.55px</dimen>
<dimen name="h_483">673.95px</dimen>
<dimen name="h_484">675.34px</dimen>
<dimen name="h_485">676.74px</dimen>
<dimen name="h_486">678.13px</dimen>
<dimen name="h_487">679.53px</dimen>
<dimen name="h_488">680.93px</dimen>
<dimen name="h_489">682.32px</dimen>
<dimen name="h_490">683.72px</dimen>
<dimen name="h_491">685.11px</dimen>
<dimen name="h_492">686.51px</dimen>
<dimen name="h_493">687.9px</dimen>
<dimen name="h_494">689.3px</dimen>
<dimen name="h_495">690.69px</dimen>
<dimen name="h_496">692.09px</dimen>
<dimen name="h_497">693.48px</dimen>
<dimen name="h_498">694.88px</dimen>
<dimen name="h_499">696.27px</dimen>
<dimen name="h_500">697.67px</dimen>
<dimen name="h_501">699.06px</dimen>
<dimen name="h_502">700.46px</dimen>
<dimen name="h_503">701.86px</dimen>
<dimen name="h_504">703.25px</dimen>
<dimen name="h_505">704.65px</dimen>
<dimen name="h_506">706.04px</dimen>
<dimen name="h_507">707.44px</dimen>
<dimen name="h_508">708.83px</dimen>
<dimen name="h_509">710.23px</dimen>
<dimen name="h_510">711.62px</dimen>
<dimen name="h_511">713.02px</dimen>
<dimen name="h_512">714.41px</dimen>
<dimen name="h_513">715.81px</dimen>
<dimen name="h_514">717.2px</dimen>
<dimen name="h_515">718.6px</dimen>
<dimen name="h_516">720.0px</dimen>
<dimen name="h_517">721.39px</dimen>
<dimen name="h_518">722.79px</dimen>
<dimen name="h_519">724.18px</dimen>
<dimen name="h_520">725.58px</dimen>
<dimen name="h_521">726.97px</dimen>
<dimen name="h_522">728.37px</dimen>
<dimen name="h_523">729.76px</dimen>
<dimen name="h_524">731.16px</dimen>
<dimen name="h_525">732.55px</dimen>
<dimen name="h_526">733.95px</dimen>
<dimen name="h_527">735.34px</dimen>
<dimen name="h_528">736.74px</dimen>
<dimen name="h_529">738.13px</dimen>
<dimen name="h_530">739.53px</dimen>
<dimen name="h_531">740.93px</dimen>
<dimen name="h_532">742.32px</dimen>
<dimen name="h_533">743.72px</dimen>
<dimen name="h_534">745.11px</dimen>
<dimen name="h_535">746.51px</dimen>
<dimen name="h_536">747.9px</dimen>
<dimen name="h_537">749.3px</dimen>
<dimen name="h_538">750.69px</dimen>
<dimen name="h_539">752.09px</dimen>
<dimen name="h_540">753.48px</dimen>
<dimen name="h_541">754.88px</dimen>
<dimen name="h_542">756.27px</dimen>
<dimen name="h_543">757.67px</dimen>
<dimen name="h_544">759.06px</dimen>
<dimen name="h_545">760.46px</dimen>
<dimen name="h_546">761.86px</dimen>
<dimen name="h_547">763.25px</dimen>
<dimen name="h_548">764.65px</dimen>
<dimen name="h_549">766.04px</dimen>
<dimen name="h_550">767.44px</dimen>
<dimen name="h_551">768.83px</dimen>
<dimen name="h_552">770.23px</dimen>
<dimen name="h_553">771.62px</dimen>
<dimen name="h_554">773.02px</dimen>
<dimen name="h_555">774.41px</dimen>
<dimen name="h_556">775.81px</dimen>
<dimen name="h_557">777.2px</dimen>
<dimen name="h_558">778.6px</dimen>
<dimen name="h_559">780.0px</dimen>
<dimen name="h_560">781.39px</dimen>
<dimen name="h_561">782.79px</dimen>
<dimen name="h_562">784.18px</dimen>
<dimen name="h_563">785.58px</dimen>
<dimen name="h_564">786.97px</dimen>
<dimen name="h_565">788.37px</dimen>
<dimen name="h_566">789.76px</dimen>
<dimen name="h_567">791.16px</dimen>
<dimen name="h_568">792.55px</dimen>
<dimen name="h_569">793.95px</dimen>
<dimen name="h_570">795.34px</dimen>
<dimen name="h_571">796.74px</dimen>
<dimen name="h_572">798.13px</dimen>
<dimen name="h_573">799.53px</dimen>
<dimen name="h_574">800.93px</dimen>
<dimen name="h_575">802.32px</dimen>
<dimen name="h_576">803.72px</dimen>
<dimen name="h_577">805.11px</dimen>
<dimen name="h_578">806.51px</dimen>
<dimen name="h_579">807.9px</dimen>
<dimen name="h_580">809.3px</dimen>
<dimen name="h_581">810.69px</dimen>
<dimen name="h_582">812.09px</dimen>
<dimen name="h_583">813.48px</dimen>
<dimen name="h_584">814.88px</dimen>
<dimen name="h_585">816.27px</dimen>
<dimen name="h_586">817.67px</dimen>
<dimen name="h_587">819.06px</dimen>
<dimen name="h_588">820.46px</dimen>
<dimen name="h_589">821.86px</dimen>
<dimen name="h_590">823.25px</dimen>
<dimen name="h_591">824.65px</dimen>
<dimen name="h_592">826.04px</dimen>
<dimen name="h_593">827.44px</dimen>
<dimen name="h_594">828.83px</dimen>
<dimen name="h_595">830.23px</dimen>
<dimen name="h_596">831.62px</dimen>
<dimen name="h_597">833.02px</dimen>
<dimen name="h_598">834.41px</dimen>
<dimen name="h_599">835.81px</dimen>
<dimen name="h_600">837.2px</dimen>
<dimen name="h_601">838.6px</dimen>
<dimen name="h_602">840.0px</dimen>
<dimen name="h_603">841.39px</dimen>
<dimen name="h_604">842.79px</dimen>
<dimen name="h_605">844.18px</dimen>
<dimen name="h_606">845.58px</dimen>
<dimen name="h_607">846.97px</dimen>
<dimen name="h_608">848.37px</dimen>
<dimen name="h_609">849.76px</dimen>
<dimen name="h_610">851.16px</dimen>
<dimen name="h_611">852.55px</dimen>
<dimen name="h_612">853.95px</dimen>
<dimen name="h_613">855.34px</dimen>
<dimen name="h_614">856.74px</dimen>
<dimen name="h_615">858.13px</dimen>
<dimen name="h_616">859.53px</dimen>
<dimen name="h_617">860.93px</dimen>
<dimen name="h_618">862.32px</dimen>
<dimen name="h_619">863.72px</dimen>
<dimen name="h_620">865.11px</dimen>
<dimen name="h_621">866.51px</dimen>
<dimen name="h_622">867.9px</dimen>
<dimen name="h_623">869.3px</dimen>
<dimen name="h_624">870.69px</dimen>
<dimen name="h_625">872.09px</dimen>
<dimen name="h_626">873.48px</dimen>
<dimen name="h_627">874.88px</dimen>
<dimen name="h_628">876.27px</dimen>
<dimen name="h_629">877.67px</dimen>
<dimen name="h_630">879.06px</dimen>
<dimen name="h_631">880.46px</dimen>
<dimen name="h_632">881.86px</dimen>
<dimen name="h_633">883.25px</dimen>
<dimen name="h_634">884.65px</dimen>
<dimen name="h_635">886.04px</dimen>
<dimen name="h_636">887.44px</dimen>
<dimen name="h_637">888.83px</dimen>
<dimen name="h_638">890.23px</dimen>
<dimen name="h_639">891.62px</dimen>
<dimen name="h_640">893.02px</dimen>
<dimen name="h_641">894.41px</dimen>
<dimen name="h_642">895.81px</dimen>
<dimen name="h_643">897.2px</dimen>
<dimen name="h_644">898.6px</dimen>
<dimen name="h_645">899.99px</dimen>
<dimen name="h_646">901.39px</dimen>
<dimen name="h_647">902.79px</dimen>
<dimen name="h_648">904.18px</dimen>
<dimen name="h_649">905.58px</dimen>
<dimen name="h_650">906.97px</dimen>
<dimen name="h_651">908.37px</dimen>
<dimen name="h_652">909.76px</dimen>
<dimen name="h_653">911.16px</dimen>
<dimen name="h_654">912.55px</dimen>
<dimen name="h_655">913.95px</dimen>
<dimen name="h_656">915.34px</dimen>
<dimen name="h_657">916.74px</dimen>
<dimen name="h_658">918.13px</dimen>
<dimen name="h_659">919.53px</dimen>
<dimen name="h_660">920.93px</dimen>
<dimen name="h_661">922.32px</dimen>
<dimen name="h_662">923.72px</dimen>
<dimen name="h_663">925.11px</dimen>
<dimen name="h_664">926.51px</dimen>
<dimen name="h_665">927.9px</dimen>
<dimen name="h_666">929.3px</dimen>
<dimen name="h_667">930.69px</dimen>
<dimen name="h_668">932.09px</dimen>
<dimen name="h_669">933.48px</dimen>
<dimen name="h_670">934.88px</dimen>
<dimen name="h_671">936.27px</dimen>
<dimen name="h_672">937.67px</dimen>
<dimen name="h_673">939.06px</dimen>
<dimen name="h_674">940.46px</dimen>
<dimen name="h_675">941.86px</dimen>
<dimen name="h_676">943.25px</dimen>
<dimen name="h_677">944.65px</dimen>
<dimen name="h_678">946.04px</dimen>
<dimen name="h_679">947.44px</dimen>
<dimen name="h_680">948.83px</dimen>
<dimen name="h_681">950.23px</dimen>
<dimen name="h_682">951.62px</dimen>
<dimen name="h_683">953.02px</dimen>
<dimen name="h_684">954.41px</dimen>
<dimen name="h_685">955.81px</dimen>
<dimen name="h_686">957.2px</dimen>
<dimen name="h_687">958.6px</dimen>
<dimen name="h_688">959.99px</dimen>
<dimen name="h_689">961.39px</dimen>
<dimen name="h_690">962.79px</dimen>
<dimen name="h_691">964.18px</dimen>
<dimen name="h_692">965.58px</dimen>
<dimen name="h_693">966.97px</dimen>
<dimen name="h_694">968.37px</dimen>
<dimen name="h_695">969.76px</dimen>
<dimen name="h_696">971.16px</dimen>
<dimen name="h_697">972.55px</dimen>
<dimen name="h_698">973.95px</dimen>
<dimen name="h_699">975.34px</dimen>
<dimen name="h_700">976.74px</dimen>
<dimen name="h_701">978.13px</dimen>
<dimen name="h_702">979.53px</dimen>
<dimen name="h_703">980.93px</dimen>
<dimen name="h_704">982.32px</dimen>
<dimen name="h_705">983.72px</dimen>
<dimen name="h_706">985.11px</dimen>
<dimen name="h_707">986.51px</dimen>
<dimen name="h_708">987.9px</dimen>
<dimen name="h_709">989.3px</dimen>
<dimen name="h_710">990.69px</dimen>
<dimen name="h_711">992.09px</dimen>
<dimen name="h_712">993.48px</dimen>
<dimen name="h_713">994.88px</dimen>
<dimen name="h_714">996.27px</dimen>
<dimen name="h_715">997.67px</dimen>
<dimen name="h_716">999.06px</dimen>
<dimen name="h_717">1000.46px</dimen>
<dimen name="h_718">1001.86px</dimen>
<dimen name="h_719">1003.25px</dimen>
<dimen name="h_720">1004.65px</dimen>
<dimen name="h_721">1006.04px</dimen>
<dimen name="h_722">1007.44px</dimen>
<dimen name="h_723">1008.83px</dimen>
<dimen name="h_724">1010.23px</dimen>
<dimen name="h_725">1011.62px</dimen>
<dimen name="h_726">1013.02px</dimen>
<dimen name="h_727">1014.41px</dimen>
<dimen name="h_728">1015.81px</dimen>
<dimen name="h_729">1017.2px</dimen>
<dimen name="h_730">1018.6px</dimen>
<dimen name="h_731">1019.99px</dimen>
<dimen name="h_732">1021.39px</dimen>
<dimen name="h_733">1022.79px</dimen>
<dimen name="h_734">1024.18px</dimen>
<dimen name="h_735">1025.58px</dimen>
<dimen name="h_736">1026.97px</dimen>
<dimen name="h_737">1028.37px</dimen>
<dimen name="h_738">1029.76px</dimen>
<dimen name="h_739">1031.16px</dimen>
<dimen name="h_740">1032.55px</dimen>
<dimen name="h_741">1033.95px</dimen>
<dimen name="h_742">1035.34px</dimen>
<dimen name="h_743">1036.74px</dimen>
<dimen name="h_744">1038.13px</dimen>
<dimen name="h_745">1039.53px</dimen>
<dimen name="h_746">1040.93px</dimen>
<dimen name="h_747">1042.32px</dimen>
<dimen name="h_748">1043.72px</dimen>
<dimen name="h_749">1045.11px</dimen>
<dimen name="h_750">1046.51px</dimen>
<dimen name="h_751">1047.9px</dimen>
<dimen name="h_752">1049.3px</dimen>
<dimen name="h_753">1050.69px</dimen>
<dimen name="h_754">1052.09px</dimen>
<dimen name="h_755">1053.48px</dimen>
<dimen name="h_756">1054.88px</dimen>
<dimen name="h_757">1056.27px</dimen>
<dimen name="h_758">1057.67px</dimen>
<dimen name="h_759">1059.06px</dimen>
<dimen name="h_760">1060.46px</dimen>
<dimen name="h_761">1061.86px</dimen>
<dimen name="h_762">1063.25px</dimen>
<dimen name="h_763">1064.65px</dimen>
<dimen name="h_764">1066.04px</dimen>
<dimen name="h_765">1067.44px</dimen>
<dimen name="h_766">1068.83px</dimen>
<dimen name="h_767">1070.23px</dimen>
<dimen name="h_768">1071.62px</dimen>
<dimen name="h_769">1073.02px</dimen>
<dimen name="h_770">1074.41px</dimen>
<dimen name="h_771">1075.81px</dimen>
<dimen name="h_772">1077.2px</dimen>
<dimen name="h_773">1078.6px</dimen>
<dimen name="h_774">1080.0px</dimen>
<dimen name="h_775">1081.39px</dimen>
<dimen name="h_776">1082.79px</dimen>
<dimen name="h_777">1084.18px</dimen>
<dimen name="h_778">1085.58px</dimen>
<dimen name="h_779">1086.97px</dimen>
<dimen name="h_780">1088.37px</dimen>
<dimen name="h_781">1089.76px</dimen>
<dimen name="h_782">1091.16px</dimen>
<dimen name="h_783">1092.55px</dimen>
<dimen name="h_784">1093.95px</dimen>
<dimen name="h_785">1095.34px</dimen>
<dimen name="h_786">1096.74px</dimen>
<dimen name="h_787">1098.13px</dimen>
<dimen name="h_788">1099.53px</dimen>
<dimen name="h_789">1100.93px</dimen>
<dimen name="h_790">1102.32px</dimen>
<dimen name="h_791">1103.72px</dimen>
<dimen name="h_792">1105.11px</dimen>
<dimen name="h_793">1106.51px</dimen>
<dimen name="h_794">1107.9px</dimen>
<dimen name="h_795">1109.3px</dimen>
<dimen name="h_796">1110.69px</dimen>
<dimen name="h_797">1112.09px</dimen>
<dimen name="h_798">1113.48px</dimen>
<dimen name="h_799">1114.88px</dimen>
<dimen name="h_800">1116.27px</dimen>
<dimen name="h_801">1117.67px</dimen>
<dimen name="h_802">1119.06px</dimen>
<dimen name="h_803">1120.46px</dimen>
<dimen name="h_804">1121.86px</dimen>
<dimen name="h_805">1123.25px</dimen>
<dimen name="h_806">1124.65px</dimen>
<dimen name="h_807">1126.04px</dimen>
<dimen name="h_808">1127.44px</dimen>
<dimen name="h_809">1128.83px</dimen>
<dimen name="h_810">1130.23px</dimen>
<dimen name="h_811">1131.62px</dimen>
<dimen name="h_812">1133.02px</dimen>
<dimen name="h_813">1134.41px</dimen>
<dimen name="h_814">1135.81px</dimen>
<dimen name="h_815">1137.2px</dimen>
<dimen name="h_816">1138.6px</dimen>
<dimen name="h_817">1140.0px</dimen>
<dimen name="h_818">1141.39px</dimen>
<dimen name="h_819">1142.79px</dimen>
<dimen name="h_820">1144.18px</dimen>
<dimen name="h_821">1145.58px</dimen>
<dimen name="h_822">1146.97px</dimen>
<dimen name="h_823">1148.37px</dimen>
<dimen name="h_824">1149.76px</dimen>
<dimen name="h_825">1151.16px</dimen>
<dimen name="h_826">1152.55px</dimen>
<dimen name="h_827">1153.95px</dimen>
<dimen name="h_828">1155.34px</dimen>
<dimen name="h_829">1156.74px</dimen>
<dimen name="h_830">1158.13px</dimen>
<dimen name="h_831">1159.53px</dimen>
<dimen name="h_832">1160.93px</dimen>
<dimen name="h_833">1162.32px</dimen>
<dimen name="h_834">1163.72px</dimen>
<dimen name="h_835">1165.11px</dimen>
<dimen name="h_836">1166.51px</dimen>
<dimen name="h_837">1167.9px</dimen>
<dimen name="h_838">1169.3px</dimen>
<dimen name="h_839">1170.69px</dimen>
<dimen name="h_840">1172.09px</dimen>
<dimen name="h_841">1173.48px</dimen>
<dimen name="h_842">1174.88px</dimen>
<dimen name="h_843">1176.27px</dimen>
<dimen name="h_844">1177.67px</dimen>
<dimen name="h_845">1179.06px</dimen>
<dimen name="h_846">1180.46px</dimen>
<dimen name="h_847">1181.86px</dimen>
<dimen name="h_848">1183.25px</dimen>
<dimen name="h_849">1184.65px</dimen>
<dimen name="h_850">1186.04px</dimen>
<dimen name="h_851">1187.44px</dimen>
<dimen name="h_852">1188.83px</dimen>
<dimen name="h_853">1190.23px</dimen>
<dimen name="h_854">1191.62px</dimen>
<dimen name="h_855">1193.02px</dimen>
<dimen name="h_856">1194.41px</dimen>
<dimen name="h_857">1195.81px</dimen>
<dimen name="h_858">1197.2px</dimen>
<dimen name="h_859">1198.6px</dimen>
<dimen name="h_860">1200.0px</dimen>
<dimen name="h_861">1201.39px</dimen>
<dimen name="h_862">1202.79px</dimen>
<dimen name="h_863">1204.18px</dimen>
<dimen name="h_864">1205.58px</dimen>
<dimen name="h_865">1206.97px</dimen>
<dimen name="h_866">1208.37px</dimen>
<dimen name="h_867">1209.76px</dimen>
<dimen name="h_868">1211.16px</dimen>
<dimen name="h_869">1212.55px</dimen>
<dimen name="h_870">1213.95px</dimen>
<dimen name="h_871">1215.34px</dimen>
<dimen name="h_872">1216.74px</dimen>
<dimen name="h_873">1218.13px</dimen>
<dimen name="h_874">1219.53px</dimen>
<dimen name="h_875">1220.93px</dimen>
<dimen name="h_876">1222.32px</dimen>
<dimen name="h_877">1223.72px</dimen>
<dimen name="h_878">1225.11px</dimen>
<dimen name="h_879">1226.51px</dimen>
<dimen name="h_880">1227.9px</dimen>
<dimen name="h_881">1229.3px</dimen>
<dimen name="h_882">1230.69px</dimen>
<dimen name="h_883">1232.09px</dimen>
<dimen name="h_884">1233.48px</dimen>
<dimen name="h_885">1234.88px</dimen>
<dimen name="h_886">1236.27px</dimen>
<dimen name="h_887">1237.67px</dimen>
<dimen name="h_888">1239.06px</dimen>
<dimen name="h_889">1240.46px</dimen>
<dimen name="h_890">1241.86px</dimen>
<dimen name="h_891">1243.25px</dimen>
<dimen name="h_892">1244.65px</dimen>
<dimen name="h_893">1246.04px</dimen>
<dimen name="h_894">1247.44px</dimen>
<dimen name="h_895">1248.83px</dimen>
<dimen name="h_896">1250.23px</dimen>
<dimen name="h_897">1251.62px</dimen>
<dimen name="h_898">1253.02px</dimen>
<dimen name="h_899">1254.41px</dimen>
<dimen name="h_900">1255.81px</dimen>
<dimen name="h_901">1257.2px</dimen>
<dimen name="h_902">1258.6px</dimen>
<dimen name="h_903">1260.0px</dimen>
<dimen name="h_904">1261.39px</dimen>
<dimen name="h_905">1262.79px</dimen>
<dimen name="h_906">1264.18px</dimen>
<dimen name="h_907">1265.58px</dimen>
<dimen name="h_908">1266.97px</dimen>
<dimen name="h_909">1268.37px</dimen>
<dimen name="h_910">1269.76px</dimen>
<dimen name="h_911">1271.16px</dimen>
<dimen name="h_912">1272.55px</dimen>
<dimen name="h_913">1273.95px</dimen>
<dimen name="h_914">1275.34px</dimen>
<dimen name="h_915">1276.74px</dimen>
<dimen name="h_916">1278.13px</dimen>
<dimen name="h_917">1279.53px</dimen>
<dimen name="h_918">1280.93px</dimen>
<dimen name="h_919">1282.32px</dimen>
<dimen name="h_920">1283.72px</dimen>
<dimen name="h_921">1285.11px</dimen>
<dimen name="h_922">1286.51px</dimen>
<dimen name="h_923">1287.9px</dimen>
<dimen name="h_924">1289.3px</dimen>
<dimen name="h_925">1290.69px</dimen>
<dimen name="h_926">1292.09px</dimen>
<dimen name="h_927">1293.48px</dimen>
<dimen name="h_928">1294.88px</dimen>
<dimen name="h_929">1296.27px</dimen>
<dimen name="h_930">1297.67px</dimen>
<dimen name="h_931">1299.06px</dimen>
<dimen name="h_932">1300.46px</dimen>
<dimen name="h_933">1301.86px</dimen>
<dimen name="h_934">1303.25px</dimen>
<dimen name="h_935">1304.65px</dimen>
<dimen name="h_936">1306.04px</dimen>
<dimen name="h_937">1307.44px</dimen>
<dimen name="h_938">1308.83px</dimen>
<dimen name="h_939">1310.23px</dimen>
<dimen name="h_940">1311.62px</dimen>
<dimen name="h_941">1313.02px</dimen>
<dimen name="h_942">1314.41px</dimen>
<dimen name="h_943">1315.81px</dimen>
<dimen name="h_944">1317.2px</dimen>
<dimen name="h_945">1318.6px</dimen>
<dimen name="h_946">1320.0px</dimen>
<dimen name="h_947">1321.39px</dimen>
<dimen name="h_948">1322.79px</dimen>
<dimen name="h_949">1324.18px</dimen>
<dimen name="h_950">1325.58px</dimen>
<dimen name="h_951">1326.97px</dimen>
<dimen name="h_952">1328.37px</dimen>
<dimen name="h_953">1329.76px</dimen>
<dimen name="h_954">1331.16px</dimen>
<dimen name="h_955">1332.55px</dimen>
<dimen name="h_956">1333.95px</dimen>
<dimen name="h_957">1335.34px</dimen>
<dimen name="h_958">1336.74px</dimen>
<dimen name="h_959">1338.13px</dimen>
<dimen name="h_960">1339.53px</dimen>
<dimen name="h_961">1340.93px</dimen>
<dimen name="h_962">1342.32px</dimen>
<dimen name="h_963">1343.72px</dimen>
<dimen name="h_964">1345.11px</dimen>
<dimen name="h_965">1346.51px</dimen>
<dimen name="h_966">1347.9px</dimen>
<dimen name="h_967">1349.3px</dimen>
<dimen name="h_968">1350.69px</dimen>
<dimen name="h_969">1352.09px</dimen>
<dimen name="h_970">1353.48px</dimen>
<dimen name="h_971">1354.88px</dimen>
<dimen name="h_972">1356.27px</dimen>
<dimen name="h_973">1357.67px</dimen>
<dimen name="h_974">1359.06px</dimen>
<dimen name="h_975">1360.46px</dimen>
<dimen name="h_976">1361.86px</dimen>
<dimen name="h_977">1363.25px</dimen>
<dimen name="h_978">1364.65px</dimen>
<dimen name="h_979">1366.04px</dimen>
<dimen name="h_980">1367.44px</dimen>
<dimen name="h_981">1368.83px</dimen>
<dimen name="h_982">1370.23px</dimen>
<dimen name="h_983">1371.62px</dimen>
<dimen name="h_984">1373.02px</dimen>
<dimen name="h_985">1374.41px</dimen>
<dimen name="h_986">1375.81px</dimen>
<dimen name="h_987">1377.2px</dimen>
<dimen name="h_988">1378.6px</dimen>
<dimen name="h_989">1380.0px</dimen>
<dimen name="h_990">1381.39px</dimen>
<dimen name="h_991">1382.79px</dimen>
<dimen name="h_992">1384.18px</dimen>
<dimen name="h_993">1385.58px</dimen>
<dimen name="h_994">1386.97px</dimen>
<dimen name="h_995">1388.37px</dimen>
<dimen name="h_996">1389.76px</dimen>
<dimen name="h_997">1391.16px</dimen>
<dimen name="h_998">1392.55px</dimen>
<dimen name="h_999">1393.95px</dimen>
<dimen name="h_1000">1395.34px</dimen>
<dimen name="h_1001">1396.74px</dimen>
<dimen name="h_1002">1398.13px</dimen>
<dimen name="h_1003">1399.53px</dimen>
<dimen name="h_1004">1400.93px</dimen>
<dimen name="h_1005">1402.32px</dimen>
<dimen name="h_1006">1403.72px</dimen>
<dimen name="h_1007">1405.11px</dimen>
<dimen name="h_1008">1406.51px</dimen>
<dimen name="h_1009">1407.9px</dimen>
<dimen name="h_1010">1409.3px</dimen>
<dimen name="h_1011">1410.69px</dimen>
<dimen name="h_1012">1412.09px</dimen>
<dimen name="h_1013">1413.48px</dimen>
<dimen name="h_1014">1414.88px</dimen>
<dimen name="h_1015">1416.27px</dimen>
<dimen name="h_1016">1417.67px</dimen>
<dimen name="h_1017">1419.06px</dimen>
<dimen name="h_1018">1420.46px</dimen>
<dimen name="h_1019">1421.86px</dimen>
<dimen name="h_1020">1423.25px</dimen>
<dimen name="h_1021">1424.65px</dimen>
<dimen name="h_1022">1426.04px</dimen>
<dimen name="h_1023">1427.44px</dimen>
<dimen name="h_1024">1428.83px</dimen>
<dimen name="h_1025">1430.23px</dimen>
<dimen name="h_1026">1431.62px</dimen>
<dimen name="h_1027">1433.02px</dimen>
<dimen name="h_1028">1434.41px</dimen>
<dimen name="h_1029">1435.81px</dimen>
<dimen name="h_1030">1437.2px</dimen>
<dimen name="h_1031">1438.6px</dimen>
<dimen name="h_1032">1440px</dimen>
</resources>