<?xml version="1.0" encoding="utf-8"?>
<resources>
<dimen name="w_1">1.33px</dimen>
<dimen name="w_2">2.66px</dimen>
<dimen name="w_3">4.0px</dimen>
<dimen name="w_4">5.33px</dimen>
<dimen name="w_5">6.66px</dimen>
<dimen name="w_6">8.0px</dimen>
<dimen name="w_7">9.33px</dimen>
<dimen name="w_8">10.66px</dimen>
<dimen name="w_9">12.0px</dimen>
<dimen name="w_10">13.33px</dimen>
<dimen name="w_11">14.66px</dimen>
<dimen name="w_12">16.0px</dimen>
<dimen name="w_13">17.33px</dimen>
<dimen name="w_14">18.66px</dimen>
<dimen name="w_15">20.0px</dimen>
<dimen name="w_16">21.33px</dimen>
<dimen name="w_17">22.66px</dimen>
<dimen name="w_18">24.0px</dimen>
<dimen name="w_19">25.33px</dimen>
<dimen name="w_20">26.66px</dimen>
<dimen name="w_21">28.0px</dimen>
<dimen name="w_22">29.33px</dimen>
<dimen name="w_23">30.66px</dimen>
<dimen name="w_24">32.0px</dimen>
<dimen name="w_25">33.33px</dimen>
<dimen name="w_26">34.66px</dimen>
<dimen name="w_27">36.0px</dimen>
<dimen name="w_28">37.33px</dimen>
<dimen name="w_29">38.66px</dimen>
<dimen name="w_30">40.0px</dimen>
<dimen name="w_31">41.33px</dimen>
<dimen name="w_32">42.66px</dimen>
<dimen name="w_33">44.0px</dimen>
<dimen name="w_34">45.33px</dimen>
<dimen name="w_35">46.66px</dimen>
<dimen name="w_36">48.0px</dimen>
<dimen name="w_37">49.33px</dimen>
<dimen name="w_38">50.66px</dimen>
<dimen name="w_39">52.0px</dimen>
<dimen name="w_40">53.33px</dimen>
<dimen name="w_41">54.66px</dimen>
<dimen name="w_42">56.0px</dimen>
<dimen name="w_43">57.33px</dimen>
<dimen name="w_44">58.66px</dimen>
<dimen name="w_45">60.0px</dimen>
<dimen name="w_46">61.33px</dimen>
<dimen name="w_47">62.66px</dimen>
<dimen name="w_48">64.0px</dimen>
<dimen name="w_49">65.33px</dimen>
<dimen name="w_50">66.66px</dimen>
<dimen name="w_51">68.0px</dimen>
<dimen name="w_52">69.33px</dimen>
<dimen name="w_53">70.66px</dimen>
<dimen name="w_54">72.0px</dimen>
<dimen name="w_55">73.33px</dimen>
<dimen name="w_56">74.66px</dimen>
<dimen name="w_57">76.0px</dimen>
<dimen name="w_58">77.33px</dimen>
<dimen name="w_59">78.66px</dimen>
<dimen name="w_60">80.0px</dimen>
<dimen name="w_61">81.33px</dimen>
<dimen name="w_62">82.66px</dimen>
<dimen name="w_63">84.0px</dimen>
<dimen name="w_64">85.33px</dimen>
<dimen name="w_65">86.66px</dimen>
<dimen name="w_66">88.0px</dimen>
<dimen name="w_67">89.33px</dimen>
<dimen name="w_68">90.66px</dimen>
<dimen name="w_69">92.0px</dimen>
<dimen name="w_70">93.33px</dimen>
<dimen name="w_71">94.66px</dimen>
<dimen name="w_72">96.0px</dimen>
<dimen name="w_73">97.33px</dimen>
<dimen name="w_74">98.66px</dimen>
<dimen name="w_75">100.0px</dimen>
<dimen name="w_76">101.33px</dimen>
<dimen name="w_77">102.66px</dimen>
<dimen name="w_78">104.0px</dimen>
<dimen name="w_79">105.33px</dimen>
<dimen name="w_80">106.66px</dimen>
<dimen name="w_81">108.0px</dimen>
<dimen name="w_82">109.33px</dimen>
<dimen name="w_83">110.66px</dimen>
<dimen name="w_84">112.0px</dimen>
<dimen name="w_85">113.33px</dimen>
<dimen name="w_86">114.66px</dimen>
<dimen name="w_87">116.0px</dimen>
<dimen name="w_88">117.33px</dimen>
<dimen name="w_89">118.66px</dimen>
<dimen name="w_90">120.0px</dimen>
<dimen name="w_91">121.33px</dimen>
<dimen name="w_92">122.66px</dimen>
<dimen name="w_93">124.0px</dimen>
<dimen name="w_94">125.33px</dimen>
<dimen name="w_95">126.66px</dimen>
<dimen name="w_96">128.0px</dimen>
<dimen name="w_97">129.33px</dimen>
<dimen name="w_98">130.66px</dimen>
<dimen name="w_99">132.0px</dimen>
<dimen name="w_100">133.33px</dimen>
<dimen name="w_101">134.66px</dimen>
<dimen name="w_102">136.0px</dimen>
<dimen name="w_103">137.33px</dimen>
<dimen name="w_104">138.66px</dimen>
<dimen name="w_105">140.0px</dimen>
<dimen name="w_106">141.33px</dimen>
<dimen name="w_107">142.66px</dimen>
<dimen name="w_108">144.0px</dimen>
<dimen name="w_109">145.33px</dimen>
<dimen name="w_110">146.66px</dimen>
<dimen name="w_111">148.0px</dimen>
<dimen name="w_112">149.33px</dimen>
<dimen name="w_113">150.66px</dimen>
<dimen name="w_114">152.0px</dimen>
<dimen name="w_115">153.33px</dimen>
<dimen name="w_116">154.66px</dimen>
<dimen name="w_117">156.0px</dimen>
<dimen name="w_118">157.33px</dimen>
<dimen name="w_119">158.66px</dimen>
<dimen name="w_120">160.0px</dimen>
<dimen name="w_121">161.33px</dimen>
<dimen name="w_122">162.66px</dimen>
<dimen name="w_123">164.0px</dimen>
<dimen name="w_124">165.33px</dimen>
<dimen name="w_125">166.66px</dimen>
<dimen name="w_126">168.0px</dimen>
<dimen name="w_127">169.33px</dimen>
<dimen name="w_128">170.66px</dimen>
<dimen name="w_129">172.0px</dimen>
<dimen name="w_130">173.33px</dimen>
<dimen name="w_131">174.66px</dimen>
<dimen name="w_132">176.0px</dimen>
<dimen name="w_133">177.33px</dimen>
<dimen name="w_134">178.66px</dimen>
<dimen name="w_135">180.0px</dimen>
<dimen name="w_136">181.33px</dimen>
<dimen name="w_137">182.66px</dimen>
<dimen name="w_138">184.0px</dimen>
<dimen name="w_139">185.33px</dimen>
<dimen name="w_140">186.66px</dimen>
<dimen name="w_141">188.0px</dimen>
<dimen name="w_142">189.33px</dimen>
<dimen name="w_143">190.66px</dimen>
<dimen name="w_144">192.0px</dimen>
<dimen name="w_145">193.33px</dimen>
<dimen name="w_146">194.66px</dimen>
<dimen name="w_147">196.0px</dimen>
<dimen name="w_148">197.33px</dimen>
<dimen name="w_149">198.66px</dimen>
<dimen name="w_150">200.0px</dimen>
<dimen name="w_151">201.33px</dimen>
<dimen name="w_152">202.66px</dimen>
<dimen name="w_153">204.0px</dimen>
<dimen name="w_154">205.33px</dimen>
<dimen name="w_155">206.66px</dimen>
<dimen name="w_156">208.0px</dimen>
<dimen name="w_157">209.33px</dimen>
<dimen name="w_158">210.66px</dimen>
<dimen name="w_159">212.0px</dimen>
<dimen name="w_160">213.33px</dimen>
<dimen name="w_161">214.66px</dimen>
<dimen name="w_162">216.0px</dimen>
<dimen name="w_163">217.33px</dimen>
<dimen name="w_164">218.66px</dimen>
<dimen name="w_165">220.0px</dimen>
<dimen name="w_166">221.33px</dimen>
<dimen name="w_167">222.66px</dimen>
<dimen name="w_168">224.0px</dimen>
<dimen name="w_169">225.33px</dimen>
<dimen name="w_170">226.66px</dimen>
<dimen name="w_171">228.0px</dimen>
<dimen name="w_172">229.33px</dimen>
<dimen name="w_173">230.66px</dimen>
<dimen name="w_174">232.0px</dimen>
<dimen name="w_175">233.33px</dimen>
<dimen name="w_176">234.66px</dimen>
<dimen name="w_177">236.0px</dimen>
<dimen name="w_178">237.33px</dimen>
<dimen name="w_179">238.66px</dimen>
<dimen name="w_180">240.0px</dimen>
<dimen name="w_181">241.33px</dimen>
<dimen name="w_182">242.66px</dimen>
<dimen name="w_183">244.0px</dimen>
<dimen name="w_184">245.33px</dimen>
<dimen name="w_185">246.66px</dimen>
<dimen name="w_186">248.0px</dimen>
<dimen name="w_187">249.33px</dimen>
<dimen name="w_188">250.66px</dimen>
<dimen name="w_189">252.0px</dimen>
<dimen name="w_190">253.33px</dimen>
<dimen name="w_191">254.66px</dimen>
<dimen name="w_192">256.0px</dimen>
<dimen name="w_193">257.33px</dimen>
<dimen name="w_194">258.66px</dimen>
<dimen name="w_195">260.0px</dimen>
<dimen name="w_196">261.33px</dimen>
<dimen name="w_197">262.66px</dimen>
<dimen name="w_198">264.0px</dimen>
<dimen name="w_199">265.33px</dimen>
<dimen name="w_200">266.66px</dimen>
<dimen name="w_201">268.0px</dimen>
<dimen name="w_202">269.33px</dimen>
<dimen name="w_203">270.66px</dimen>
<dimen name="w_204">272.0px</dimen>
<dimen name="w_205">273.33px</dimen>
<dimen name="w_206">274.66px</dimen>
<dimen name="w_207">276.0px</dimen>
<dimen name="w_208">277.33px</dimen>
<dimen name="w_209">278.66px</dimen>
<dimen name="w_210">280.0px</dimen>
<dimen name="w_211">281.33px</dimen>
<dimen name="w_212">282.66px</dimen>
<dimen name="w_213">284.0px</dimen>
<dimen name="w_214">285.33px</dimen>
<dimen name="w_215">286.66px</dimen>
<dimen name="w_216">288.0px</dimen>
<dimen name="w_217">289.33px</dimen>
<dimen name="w_218">290.66px</dimen>
<dimen name="w_219">292.0px</dimen>
<dimen name="w_220">293.33px</dimen>
<dimen name="w_221">294.66px</dimen>
<dimen name="w_222">296.0px</dimen>
<dimen name="w_223">297.33px</dimen>
<dimen name="w_224">298.66px</dimen>
<dimen name="w_225">300.0px</dimen>
<dimen name="w_226">301.33px</dimen>
<dimen name="w_227">302.66px</dimen>
<dimen name="w_228">304.0px</dimen>
<dimen name="w_229">305.33px</dimen>
<dimen name="w_230">306.66px</dimen>
<dimen name="w_231">308.0px</dimen>
<dimen name="w_232">309.33px</dimen>
<dimen name="w_233">310.66px</dimen>
<dimen name="w_234">312.0px</dimen>
<dimen name="w_235">313.33px</dimen>
<dimen name="w_236">314.66px</dimen>
<dimen name="w_237">316.0px</dimen>
<dimen name="w_238">317.33px</dimen>
<dimen name="w_239">318.66px</dimen>
<dimen name="w_240">320.0px</dimen>
<dimen name="w_241">321.33px</dimen>
<dimen name="w_242">322.66px</dimen>
<dimen name="w_243">324.0px</dimen>
<dimen name="w_244">325.33px</dimen>
<dimen name="w_245">326.66px</dimen>
<dimen name="w_246">328.0px</dimen>
<dimen name="w_247">329.33px</dimen>
<dimen name="w_248">330.66px</dimen>
<dimen name="w_249">332.0px</dimen>
<dimen name="w_250">333.33px</dimen>
<dimen name="w_251">334.66px</dimen>
<dimen name="w_252">336.0px</dimen>
<dimen name="w_253">337.33px</dimen>
<dimen name="w_254">338.66px</dimen>
<dimen name="w_255">340.0px</dimen>
<dimen name="w_256">341.33px</dimen>
<dimen name="w_257">342.66px</dimen>
<dimen name="w_258">344.0px</dimen>
<dimen name="w_259">345.33px</dimen>
<dimen name="w_260">346.66px</dimen>
<dimen name="w_261">348.0px</dimen>
<dimen name="w_262">349.33px</dimen>
<dimen name="w_263">350.66px</dimen>
<dimen name="w_264">352.0px</dimen>
<dimen name="w_265">353.33px</dimen>
<dimen name="w_266">354.66px</dimen>
<dimen name="w_267">356.0px</dimen>
<dimen name="w_268">357.33px</dimen>
<dimen name="w_269">358.66px</dimen>
<dimen name="w_270">360.0px</dimen>
<dimen name="w_271">361.33px</dimen>
<dimen name="w_272">362.66px</dimen>
<dimen name="w_273">364.0px</dimen>
<dimen name="w_274">365.33px</dimen>
<dimen name="w_275">366.66px</dimen>
<dimen name="w_276">368.0px</dimen>
<dimen name="w_277">369.33px</dimen>
<dimen name="w_278">370.66px</dimen>
<dimen name="w_279">372.0px</dimen>
<dimen name="w_280">373.33px</dimen>
<dimen name="w_281">374.66px</dimen>
<dimen name="w_282">376.0px</dimen>
<dimen name="w_283">377.33px</dimen>
<dimen name="w_284">378.66px</dimen>
<dimen name="w_285">380.0px</dimen>
<dimen name="w_286">381.33px</dimen>
<dimen name="w_287">382.66px</dimen>
<dimen name="w_288">384.0px</dimen>
<dimen name="w_289">385.33px</dimen>
<dimen name="w_290">386.66px</dimen>
<dimen name="w_291">388.0px</dimen>
<dimen name="w_292">389.33px</dimen>
<dimen name="w_293">390.66px</dimen>
<dimen name="w_294">392.0px</dimen>
<dimen name="w_295">393.33px</dimen>
<dimen name="w_296">394.66px</dimen>
<dimen name="w_297">396.0px</dimen>
<dimen name="w_298">397.33px</dimen>
<dimen name="w_299">398.66px</dimen>
<dimen name="w_300">400.0px</dimen>
<dimen name="w_301">401.33px</dimen>
<dimen name="w_302">402.66px</dimen>
<dimen name="w_303">404.0px</dimen>
<dimen name="w_304">405.33px</dimen>
<dimen name="w_305">406.66px</dimen>
<dimen name="w_306">408.0px</dimen>
<dimen name="w_307">409.33px</dimen>
<dimen name="w_308">410.66px</dimen>
<dimen name="w_309">412.0px</dimen>
<dimen name="w_310">413.33px</dimen>
<dimen name="w_311">414.66px</dimen>
<dimen name="w_312">416.0px</dimen>
<dimen name="w_313">417.33px</dimen>
<dimen name="w_314">418.66px</dimen>
<dimen name="w_315">420.0px</dimen>
<dimen name="w_316">421.33px</dimen>
<dimen name="w_317">422.66px</dimen>
<dimen name="w_318">424.0px</dimen>
<dimen name="w_319">425.33px</dimen>
<dimen name="w_320">426.66px</dimen>
<dimen name="w_321">428.0px</dimen>
<dimen name="w_322">429.33px</dimen>
<dimen name="w_323">430.66px</dimen>
<dimen name="w_324">432.0px</dimen>
<dimen name="w_325">433.33px</dimen>
<dimen name="w_326">434.66px</dimen>
<dimen name="w_327">436.0px</dimen>
<dimen name="w_328">437.33px</dimen>
<dimen name="w_329">438.66px</dimen>
<dimen name="w_330">440.0px</dimen>
<dimen name="w_331">441.33px</dimen>
<dimen name="w_332">442.66px</dimen>
<dimen name="w_333">444.0px</dimen>
<dimen name="w_334">445.33px</dimen>
<dimen name="w_335">446.66px</dimen>
<dimen name="w_336">448.0px</dimen>
<dimen name="w_337">449.33px</dimen>
<dimen name="w_338">450.66px</dimen>
<dimen name="w_339">452.0px</dimen>
<dimen name="w_340">453.33px</dimen>
<dimen name="w_341">454.66px</dimen>
<dimen name="w_342">456.0px</dimen>
<dimen name="w_343">457.33px</dimen>
<dimen name="w_344">458.66px</dimen>
<dimen name="w_345">460.0px</dimen>
<dimen name="w_346">461.33px</dimen>
<dimen name="w_347">462.66px</dimen>
<dimen name="w_348">464.0px</dimen>
<dimen name="w_349">465.33px</dimen>
<dimen name="w_350">466.66px</dimen>
<dimen name="w_351">468.0px</dimen>
<dimen name="w_352">469.33px</dimen>
<dimen name="w_353">470.66px</dimen>
<dimen name="w_354">472.0px</dimen>
<dimen name="w_355">473.33px</dimen>
<dimen name="w_356">474.66px</dimen>
<dimen name="w_357">476.0px</dimen>
<dimen name="w_358">477.33px</dimen>
<dimen name="w_359">478.66px</dimen>
<dimen name="w_360">480.0px</dimen>
<dimen name="w_361">481.33px</dimen>
<dimen name="w_362">482.66px</dimen>
<dimen name="w_363">484.0px</dimen>
<dimen name="w_364">485.33px</dimen>
<dimen name="w_365">486.66px</dimen>
<dimen name="w_366">488.0px</dimen>
<dimen name="w_367">489.33px</dimen>
<dimen name="w_368">490.66px</dimen>
<dimen name="w_369">492.0px</dimen>
<dimen name="w_370">493.33px</dimen>
<dimen name="w_371">494.66px</dimen>
<dimen name="w_372">496.0px</dimen>
<dimen name="w_373">497.33px</dimen>
<dimen name="w_374">498.66px</dimen>
<dimen name="w_375">500.0px</dimen>
<dimen name="w_376">501.33px</dimen>
<dimen name="w_377">502.66px</dimen>
<dimen name="w_378">504.0px</dimen>
<dimen name="w_379">505.33px</dimen>
<dimen name="w_380">506.66px</dimen>
<dimen name="w_381">508.0px</dimen>
<dimen name="w_382">509.33px</dimen>
<dimen name="w_383">510.66px</dimen>
<dimen name="w_384">512.0px</dimen>
<dimen name="w_385">513.33px</dimen>
<dimen name="w_386">514.66px</dimen>
<dimen name="w_387">516.0px</dimen>
<dimen name="w_388">517.33px</dimen>
<dimen name="w_389">518.66px</dimen>
<dimen name="w_390">520.0px</dimen>
<dimen name="w_391">521.33px</dimen>
<dimen name="w_392">522.66px</dimen>
<dimen name="w_393">524.0px</dimen>
<dimen name="w_394">525.33px</dimen>
<dimen name="w_395">526.66px</dimen>
<dimen name="w_396">528.0px</dimen>
<dimen name="w_397">529.33px</dimen>
<dimen name="w_398">530.66px</dimen>
<dimen name="w_399">532.0px</dimen>
<dimen name="w_400">533.33px</dimen>
<dimen name="w_401">534.66px</dimen>
<dimen name="w_402">536.0px</dimen>
<dimen name="w_403">537.33px</dimen>
<dimen name="w_404">538.66px</dimen>
<dimen name="w_405">540.0px</dimen>
<dimen name="w_406">541.33px</dimen>
<dimen name="w_407">542.66px</dimen>
<dimen name="w_408">544.0px</dimen>
<dimen name="w_409">545.33px</dimen>
<dimen name="w_410">546.66px</dimen>
<dimen name="w_411">548.0px</dimen>
<dimen name="w_412">549.33px</dimen>
<dimen name="w_413">550.66px</dimen>
<dimen name="w_414">552.0px</dimen>
<dimen name="w_415">553.33px</dimen>
<dimen name="w_416">554.66px</dimen>
<dimen name="w_417">556.0px</dimen>
<dimen name="w_418">557.33px</dimen>
<dimen name="w_419">558.66px</dimen>
<dimen name="w_420">560.0px</dimen>
<dimen name="w_421">561.33px</dimen>
<dimen name="w_422">562.66px</dimen>
<dimen name="w_423">564.0px</dimen>
<dimen name="w_424">565.33px</dimen>
<dimen name="w_425">566.66px</dimen>
<dimen name="w_426">568.0px</dimen>
<dimen name="w_427">569.33px</dimen>
<dimen name="w_428">570.66px</dimen>
<dimen name="w_429">572.0px</dimen>
<dimen name="w_430">573.33px</dimen>
<dimen name="w_431">574.66px</dimen>
<dimen name="w_432">576.0px</dimen>
<dimen name="w_433">577.33px</dimen>
<dimen name="w_434">578.66px</dimen>
<dimen name="w_435">580.0px</dimen>
<dimen name="w_436">581.33px</dimen>
<dimen name="w_437">582.66px</dimen>
<dimen name="w_438">584.0px</dimen>
<dimen name="w_439">585.33px</dimen>
<dimen name="w_440">586.66px</dimen>
<dimen name="w_441">588.0px</dimen>
<dimen name="w_442">589.33px</dimen>
<dimen name="w_443">590.66px</dimen>
<dimen name="w_444">592.0px</dimen>
<dimen name="w_445">593.33px</dimen>
<dimen name="w_446">594.66px</dimen>
<dimen name="w_447">596.0px</dimen>
<dimen name="w_448">597.33px</dimen>
<dimen name="w_449">598.66px</dimen>
<dimen name="w_450">600.0px</dimen>
<dimen name="w_451">601.33px</dimen>
<dimen name="w_452">602.66px</dimen>
<dimen name="w_453">604.0px</dimen>
<dimen name="w_454">605.33px</dimen>
<dimen name="w_455">606.66px</dimen>
<dimen name="w_456">608.0px</dimen>
<dimen name="w_457">609.33px</dimen>
<dimen name="w_458">610.66px</dimen>
<dimen name="w_459">612.0px</dimen>
<dimen name="w_460">613.33px</dimen>
<dimen name="w_461">614.66px</dimen>
<dimen name="w_462">616.0px</dimen>
<dimen name="w_463">617.33px</dimen>
<dimen name="w_464">618.66px</dimen>
<dimen name="w_465">620.0px</dimen>
<dimen name="w_466">621.33px</dimen>
<dimen name="w_467">622.66px</dimen>
<dimen name="w_468">624.0px</dimen>
<dimen name="w_469">625.33px</dimen>
<dimen name="w_470">626.66px</dimen>
<dimen name="w_471">628.0px</dimen>
<dimen name="w_472">629.33px</dimen>
<dimen name="w_473">630.66px</dimen>
<dimen name="w_474">632.0px</dimen>
<dimen name="w_475">633.33px</dimen>
<dimen name="w_476">634.66px</dimen>
<dimen name="w_477">636.0px</dimen>
<dimen name="w_478">637.33px</dimen>
<dimen name="w_479">638.66px</dimen>
<dimen name="w_480">640.0px</dimen>
<dimen name="w_481">641.33px</dimen>
<dimen name="w_482">642.66px</dimen>
<dimen name="w_483">644.0px</dimen>
<dimen name="w_484">645.33px</dimen>
<dimen name="w_485">646.66px</dimen>
<dimen name="w_486">648.0px</dimen>
<dimen name="w_487">649.33px</dimen>
<dimen name="w_488">650.66px</dimen>
<dimen name="w_489">652.0px</dimen>
<dimen name="w_490">653.33px</dimen>
<dimen name="w_491">654.66px</dimen>
<dimen name="w_492">656.0px</dimen>
<dimen name="w_493">657.33px</dimen>
<dimen name="w_494">658.66px</dimen>
<dimen name="w_495">660.0px</dimen>
<dimen name="w_496">661.33px</dimen>
<dimen name="w_497">662.66px</dimen>
<dimen name="w_498">664.0px</dimen>
<dimen name="w_499">665.33px</dimen>
<dimen name="w_500">666.66px</dimen>
<dimen name="w_501">668.0px</dimen>
<dimen name="w_502">669.33px</dimen>
<dimen name="w_503">670.66px</dimen>
<dimen name="w_504">672.0px</dimen>
<dimen name="w_505">673.33px</dimen>
<dimen name="w_506">674.66px</dimen>
<dimen name="w_507">676.0px</dimen>
<dimen name="w_508">677.33px</dimen>
<dimen name="w_509">678.66px</dimen>
<dimen name="w_510">680.0px</dimen>
<dimen name="w_511">681.33px</dimen>
<dimen name="w_512">682.66px</dimen>
<dimen name="w_513">684.0px</dimen>
<dimen name="w_514">685.33px</dimen>
<dimen name="w_515">686.66px</dimen>
<dimen name="w_516">688.0px</dimen>
<dimen name="w_517">689.33px</dimen>
<dimen name="w_518">690.66px</dimen>
<dimen name="w_519">692.0px</dimen>
<dimen name="w_520">693.33px</dimen>
<dimen name="w_521">694.66px</dimen>
<dimen name="w_522">696.0px</dimen>
<dimen name="w_523">697.33px</dimen>
<dimen name="w_524">698.66px</dimen>
<dimen name="w_525">700.0px</dimen>
<dimen name="w_526">701.33px</dimen>
<dimen name="w_527">702.66px</dimen>
<dimen name="w_528">704.0px</dimen>
<dimen name="w_529">705.33px</dimen>
<dimen name="w_530">706.66px</dimen>
<dimen name="w_531">708.0px</dimen>
<dimen name="w_532">709.33px</dimen>
<dimen name="w_533">710.66px</dimen>
<dimen name="w_534">712.0px</dimen>
<dimen name="w_535">713.33px</dimen>
<dimen name="w_536">714.66px</dimen>
<dimen name="w_537">716.0px</dimen>
<dimen name="w_538">717.33px</dimen>
<dimen name="w_539">718.66px</dimen>
<dimen name="w_540">720.0px</dimen>
<dimen name="w_541">721.33px</dimen>
<dimen name="w_542">722.66px</dimen>
<dimen name="w_543">724.0px</dimen>
<dimen name="w_544">725.33px</dimen>
<dimen name="w_545">726.66px</dimen>
<dimen name="w_546">728.0px</dimen>
<dimen name="w_547">729.33px</dimen>
<dimen name="w_548">730.66px</dimen>
<dimen name="w_549">732.0px</dimen>
<dimen name="w_550">733.33px</dimen>
<dimen name="w_551">734.66px</dimen>
<dimen name="w_552">736.0px</dimen>
<dimen name="w_553">737.33px</dimen>
<dimen name="w_554">738.66px</dimen>
<dimen name="w_555">740.0px</dimen>
<dimen name="w_556">741.33px</dimen>
<dimen name="w_557">742.66px</dimen>
<dimen name="w_558">744.0px</dimen>
<dimen name="w_559">745.33px</dimen>
<dimen name="w_560">746.66px</dimen>
<dimen name="w_561">748.0px</dimen>
<dimen name="w_562">749.33px</dimen>
<dimen name="w_563">750.66px</dimen>
<dimen name="w_564">752.0px</dimen>
<dimen name="w_565">753.33px</dimen>
<dimen name="w_566">754.66px</dimen>
<dimen name="w_567">756.0px</dimen>
<dimen name="w_568">757.33px</dimen>
<dimen name="w_569">758.66px</dimen>
<dimen name="w_570">760.0px</dimen>
<dimen name="w_571">761.33px</dimen>
<dimen name="w_572">762.66px</dimen>
<dimen name="w_573">764.0px</dimen>
<dimen name="w_574">765.33px</dimen>
<dimen name="w_575">766.66px</dimen>
<dimen name="w_576">768.0px</dimen>
<dimen name="w_577">769.33px</dimen>
<dimen name="w_578">770.66px</dimen>
<dimen name="w_579">772.0px</dimen>
<dimen name="w_580">773.33px</dimen>
<dimen name="w_581">774.66px</dimen>
<dimen name="w_582">776.0px</dimen>
<dimen name="w_583">777.33px</dimen>
<dimen name="w_584">778.66px</dimen>
<dimen name="w_585">780.0px</dimen>
<dimen name="w_586">781.33px</dimen>
<dimen name="w_587">782.66px</dimen>
<dimen name="w_588">784.0px</dimen>
<dimen name="w_589">785.33px</dimen>
<dimen name="w_590">786.66px</dimen>
<dimen name="w_591">788.0px</dimen>
<dimen name="w_592">789.33px</dimen>
<dimen name="w_593">790.66px</dimen>
<dimen name="w_594">792.0px</dimen>
<dimen name="w_595">793.33px</dimen>
<dimen name="w_596">794.66px</dimen>
<dimen name="w_597">796.0px</dimen>
<dimen name="w_598">797.33px</dimen>
<dimen name="w_599">798.66px</dimen>
<dimen name="w_600">800.0px</dimen>
<dimen name="w_601">801.33px</dimen>
<dimen name="w_602">802.66px</dimen>
<dimen name="w_603">804.0px</dimen>
<dimen name="w_604">805.33px</dimen>
<dimen name="w_605">806.66px</dimen>
<dimen name="w_606">808.0px</dimen>
<dimen name="w_607">809.33px</dimen>
<dimen name="w_608">810.66px</dimen>
<dimen name="w_609">812.0px</dimen>
<dimen name="w_610">813.33px</dimen>
<dimen name="w_611">814.66px</dimen>
<dimen name="w_612">816.0px</dimen>
<dimen name="w_613">817.33px</dimen>
<dimen name="w_614">818.66px</dimen>
<dimen name="w_615">820.0px</dimen>
<dimen name="w_616">821.33px</dimen>
<dimen name="w_617">822.66px</dimen>
<dimen name="w_618">824.0px</dimen>
<dimen name="w_619">825.33px</dimen>
<dimen name="w_620">826.66px</dimen>
<dimen name="w_621">828.0px</dimen>
<dimen name="w_622">829.33px</dimen>
<dimen name="w_623">830.66px</dimen>
<dimen name="w_624">832.0px</dimen>
<dimen name="w_625">833.33px</dimen>
<dimen name="w_626">834.66px</dimen>
<dimen name="w_627">836.0px</dimen>
<dimen name="w_628">837.33px</dimen>
<dimen name="w_629">838.66px</dimen>
<dimen name="w_630">840.0px</dimen>
<dimen name="w_631">841.33px</dimen>
<dimen name="w_632">842.66px</dimen>
<dimen name="w_633">844.0px</dimen>
<dimen name="w_634">845.33px</dimen>
<dimen name="w_635">846.66px</dimen>
<dimen name="w_636">848.0px</dimen>
<dimen name="w_637">849.33px</dimen>
<dimen name="w_638">850.66px</dimen>
<dimen name="w_639">852.0px</dimen>
<dimen name="w_640">853.33px</dimen>
<dimen name="w_641">854.66px</dimen>
<dimen name="w_642">856.0px</dimen>
<dimen name="w_643">857.33px</dimen>
<dimen name="w_644">858.66px</dimen>
<dimen name="w_645">860.0px</dimen>
<dimen name="w_646">861.33px</dimen>
<dimen name="w_647">862.66px</dimen>
<dimen name="w_648">864.0px</dimen>
<dimen name="w_649">865.33px</dimen>
<dimen name="w_650">866.66px</dimen>
<dimen name="w_651">868.0px</dimen>
<dimen name="w_652">869.33px</dimen>
<dimen name="w_653">870.66px</dimen>
<dimen name="w_654">872.0px</dimen>
<dimen name="w_655">873.33px</dimen>
<dimen name="w_656">874.66px</dimen>
<dimen name="w_657">876.0px</dimen>
<dimen name="w_658">877.33px</dimen>
<dimen name="w_659">878.66px</dimen>
<dimen name="w_660">880.0px</dimen>
<dimen name="w_661">881.33px</dimen>
<dimen name="w_662">882.66px</dimen>
<dimen name="w_663">884.0px</dimen>
<dimen name="w_664">885.33px</dimen>
<dimen name="w_665">886.66px</dimen>
<dimen name="w_666">888.0px</dimen>
<dimen name="w_667">889.33px</dimen>
<dimen name="w_668">890.66px</dimen>
<dimen name="w_669">892.0px</dimen>
<dimen name="w_670">893.33px</dimen>
<dimen name="w_671">894.66px</dimen>
<dimen name="w_672">896.0px</dimen>
<dimen name="w_673">897.33px</dimen>
<dimen name="w_674">898.66px</dimen>
<dimen name="w_675">900.0px</dimen>
<dimen name="w_676">901.33px</dimen>
<dimen name="w_677">902.66px</dimen>
<dimen name="w_678">904.0px</dimen>
<dimen name="w_679">905.33px</dimen>
<dimen name="w_680">906.66px</dimen>
<dimen name="w_681">908.0px</dimen>
<dimen name="w_682">909.33px</dimen>
<dimen name="w_683">910.66px</dimen>
<dimen name="w_684">912.0px</dimen>
<dimen name="w_685">913.33px</dimen>
<dimen name="w_686">914.66px</dimen>
<dimen name="w_687">916.0px</dimen>
<dimen name="w_688">917.33px</dimen>
<dimen name="w_689">918.66px</dimen>
<dimen name="w_690">920.0px</dimen>
<dimen name="w_691">921.33px</dimen>
<dimen name="w_692">922.66px</dimen>
<dimen name="w_693">924.0px</dimen>
<dimen name="w_694">925.33px</dimen>
<dimen name="w_695">926.66px</dimen>
<dimen name="w_696">928.0px</dimen>
<dimen name="w_697">929.33px</dimen>
<dimen name="w_698">930.66px</dimen>
<dimen name="w_699">932.0px</dimen>
<dimen name="w_700">933.33px</dimen>
<dimen name="w_701">934.66px</dimen>
<dimen name="w_702">936.0px</dimen>
<dimen name="w_703">937.33px</dimen>
<dimen name="w_704">938.66px</dimen>
<dimen name="w_705">940.0px</dimen>
<dimen name="w_706">941.33px</dimen>
<dimen name="w_707">942.66px</dimen>
<dimen name="w_708">944.0px</dimen>
<dimen name="w_709">945.33px</dimen>
<dimen name="w_710">946.66px</dimen>
<dimen name="w_711">948.0px</dimen>
<dimen name="w_712">949.33px</dimen>
<dimen name="w_713">950.66px</dimen>
<dimen name="w_714">952.0px</dimen>
<dimen name="w_715">953.33px</dimen>
<dimen name="w_716">954.66px</dimen>
<dimen name="w_717">956.0px</dimen>
<dimen name="w_718">957.33px</dimen>
<dimen name="w_719">958.66px</dimen>
<dimen name="w_720">960.0px</dimen>
<dimen name="w_721">961.33px</dimen>
<dimen name="w_722">962.66px</dimen>
<dimen name="w_723">964.0px</dimen>
<dimen name="w_724">965.33px</dimen>
<dimen name="w_725">966.66px</dimen>
<dimen name="w_726">968.0px</dimen>
<dimen name="w_727">969.33px</dimen>
<dimen name="w_728">970.66px</dimen>
<dimen name="w_729">972.0px</dimen>
<dimen name="w_730">973.33px</dimen>
<dimen name="w_731">974.66px</dimen>
<dimen name="w_732">976.0px</dimen>
<dimen name="w_733">977.33px</dimen>
<dimen name="w_734">978.66px</dimen>
<dimen name="w_735">980.0px</dimen>
<dimen name="w_736">981.33px</dimen>
<dimen name="w_737">982.66px</dimen>
<dimen name="w_738">984.0px</dimen>
<dimen name="w_739">985.33px</dimen>
<dimen name="w_740">986.66px</dimen>
<dimen name="w_741">988.0px</dimen>
<dimen name="w_742">989.33px</dimen>
<dimen name="w_743">990.66px</dimen>
<dimen name="w_744">992.0px</dimen>
<dimen name="w_745">993.33px</dimen>
<dimen name="w_746">994.66px</dimen>
<dimen name="w_747">996.0px</dimen>
<dimen name="w_748">997.33px</dimen>
<dimen name="w_749">998.66px</dimen>
<dimen name="w_750">1000.0px</dimen>
<dimen name="w_751">1001.33px</dimen>
<dimen name="w_752">1002.66px</dimen>
<dimen name="w_753">1004.0px</dimen>
<dimen name="w_754">1005.33px</dimen>
<dimen name="w_755">1006.66px</dimen>
<dimen name="w_756">1008.0px</dimen>
<dimen name="w_757">1009.33px</dimen>
<dimen name="w_758">1010.66px</dimen>
<dimen name="w_759">1012.0px</dimen>
<dimen name="w_760">1013.33px</dimen>
<dimen name="w_761">1014.66px</dimen>
<dimen name="w_762">1016.0px</dimen>
<dimen name="w_763">1017.33px</dimen>
<dimen name="w_764">1018.66px</dimen>
<dimen name="w_765">1020.0px</dimen>
<dimen name="w_766">1021.33px</dimen>
<dimen name="w_767">1022.66px</dimen>
<dimen name="w_768">1024.0px</dimen>
<dimen name="w_769">1025.33px</dimen>
<dimen name="w_770">1026.66px</dimen>
<dimen name="w_771">1028.0px</dimen>
<dimen name="w_772">1029.33px</dimen>
<dimen name="w_773">1030.66px</dimen>
<dimen name="w_774">1032.0px</dimen>
<dimen name="w_775">1033.33px</dimen>
<dimen name="w_776">1034.66px</dimen>
<dimen name="w_777">1036.0px</dimen>
<dimen name="w_778">1037.33px</dimen>
<dimen name="w_779">1038.66px</dimen>
<dimen name="w_780">1040.0px</dimen>
<dimen name="w_781">1041.33px</dimen>
<dimen name="w_782">1042.66px</dimen>
<dimen name="w_783">1044.0px</dimen>
<dimen name="w_784">1045.33px</dimen>
<dimen name="w_785">1046.66px</dimen>
<dimen name="w_786">1048.0px</dimen>
<dimen name="w_787">1049.33px</dimen>
<dimen name="w_788">1050.66px</dimen>
<dimen name="w_789">1052.0px</dimen>
<dimen name="w_790">1053.33px</dimen>
<dimen name="w_791">1054.66px</dimen>
<dimen name="w_792">1056.0px</dimen>
<dimen name="w_793">1057.33px</dimen>
<dimen name="w_794">1058.66px</dimen>
<dimen name="w_795">1060.0px</dimen>
<dimen name="w_796">1061.33px</dimen>
<dimen name="w_797">1062.66px</dimen>
<dimen name="w_798">1064.0px</dimen>
<dimen name="w_799">1065.33px</dimen>
<dimen name="w_800">1066.66px</dimen>
<dimen name="w_801">1068.0px</dimen>
<dimen name="w_802">1069.33px</dimen>
<dimen name="w_803">1070.66px</dimen>
<dimen name="w_804">1072.0px</dimen>
<dimen name="w_805">1073.33px</dimen>
<dimen name="w_806">1074.66px</dimen>
<dimen name="w_807">1076.0px</dimen>
<dimen name="w_808">1077.33px</dimen>
<dimen name="w_809">1078.66px</dimen>
<dimen name="w_810">1080.0px</dimen>
<dimen name="w_811">1081.33px</dimen>
<dimen name="w_812">1082.66px</dimen>
<dimen name="w_813">1084.0px</dimen>
<dimen name="w_814">1085.33px</dimen>
<dimen name="w_815">1086.66px</dimen>
<dimen name="w_816">1088.0px</dimen>
<dimen name="w_817">1089.33px</dimen>
<dimen name="w_818">1090.66px</dimen>
<dimen name="w_819">1092.0px</dimen>
<dimen name="w_820">1093.33px</dimen>
<dimen name="w_821">1094.66px</dimen>
<dimen name="w_822">1096.0px</dimen>
<dimen name="w_823">1097.33px</dimen>
<dimen name="w_824">1098.66px</dimen>
<dimen name="w_825">1100.0px</dimen>
<dimen name="w_826">1101.33px</dimen>
<dimen name="w_827">1102.66px</dimen>
<dimen name="w_828">1104.0px</dimen>
<dimen name="w_829">1105.33px</dimen>
<dimen name="w_830">1106.66px</dimen>
<dimen name="w_831">1108.0px</dimen>
<dimen name="w_832">1109.33px</dimen>
<dimen name="w_833">1110.66px</dimen>
<dimen name="w_834">1112.0px</dimen>
<dimen name="w_835">1113.33px</dimen>
<dimen name="w_836">1114.66px</dimen>
<dimen name="w_837">1116.0px</dimen>
<dimen name="w_838">1117.33px</dimen>
<dimen name="w_839">1118.66px</dimen>
<dimen name="w_840">1120.0px</dimen>
<dimen name="w_841">1121.33px</dimen>
<dimen name="w_842">1122.66px</dimen>
<dimen name="w_843">1124.0px</dimen>
<dimen name="w_844">1125.33px</dimen>
<dimen name="w_845">1126.66px</dimen>
<dimen name="w_846">1128.0px</dimen>
<dimen name="w_847">1129.33px</dimen>
<dimen name="w_848">1130.66px</dimen>
<dimen name="w_849">1132.0px</dimen>
<dimen name="w_850">1133.33px</dimen>
<dimen name="w_851">1134.66px</dimen>
<dimen name="w_852">1136.0px</dimen>
<dimen name="w_853">1137.33px</dimen>
<dimen name="w_854">1138.66px</dimen>
<dimen name="w_855">1140.0px</dimen>
<dimen name="w_856">1141.33px</dimen>
<dimen name="w_857">1142.66px</dimen>
<dimen name="w_858">1144.0px</dimen>
<dimen name="w_859">1145.33px</dimen>
<dimen name="w_860">1146.66px</dimen>
<dimen name="w_861">1148.0px</dimen>
<dimen name="w_862">1149.33px</dimen>
<dimen name="w_863">1150.66px</dimen>
<dimen name="w_864">1152.0px</dimen>
<dimen name="w_865">1153.33px</dimen>
<dimen name="w_866">1154.66px</dimen>
<dimen name="w_867">1156.0px</dimen>
<dimen name="w_868">1157.33px</dimen>
<dimen name="w_869">1158.66px</dimen>
<dimen name="w_870">1160.0px</dimen>
<dimen name="w_871">1161.33px</dimen>
<dimen name="w_872">1162.66px</dimen>
<dimen name="w_873">1164.0px</dimen>
<dimen name="w_874">1165.33px</dimen>
<dimen name="w_875">1166.66px</dimen>
<dimen name="w_876">1168.0px</dimen>
<dimen name="w_877">1169.33px</dimen>
<dimen name="w_878">1170.66px</dimen>
<dimen name="w_879">1172.0px</dimen>
<dimen name="w_880">1173.33px</dimen>
<dimen name="w_881">1174.66px</dimen>
<dimen name="w_882">1176.0px</dimen>
<dimen name="w_883">1177.33px</dimen>
<dimen name="w_884">1178.66px</dimen>
<dimen name="w_885">1180.0px</dimen>
<dimen name="w_886">1181.33px</dimen>
<dimen name="w_887">1182.66px</dimen>
<dimen name="w_888">1184.0px</dimen>
<dimen name="w_889">1185.33px</dimen>
<dimen name="w_890">1186.66px</dimen>
<dimen name="w_891">1188.0px</dimen>
<dimen name="w_892">1189.33px</dimen>
<dimen name="w_893">1190.66px</dimen>
<dimen name="w_894">1192.0px</dimen>
<dimen name="w_895">1193.33px</dimen>
<dimen name="w_896">1194.66px</dimen>
<dimen name="w_897">1196.0px</dimen>
<dimen name="w_898">1197.33px</dimen>
<dimen name="w_899">1198.66px</dimen>
<dimen name="w_900">1200.0px</dimen>
<dimen name="w_901">1201.33px</dimen>
<dimen name="w_902">1202.66px</dimen>
<dimen name="w_903">1204.0px</dimen>
<dimen name="w_904">1205.33px</dimen>
<dimen name="w_905">1206.66px</dimen>
<dimen name="w_906">1208.0px</dimen>
<dimen name="w_907">1209.33px</dimen>
<dimen name="w_908">1210.66px</dimen>
<dimen name="w_909">1212.0px</dimen>
<dimen name="w_910">1213.33px</dimen>
<dimen name="w_911">1214.66px</dimen>
<dimen name="w_912">1216.0px</dimen>
<dimen name="w_913">1217.33px</dimen>
<dimen name="w_914">1218.66px</dimen>
<dimen name="w_915">1220.0px</dimen>
<dimen name="w_916">1221.33px</dimen>
<dimen name="w_917">1222.66px</dimen>
<dimen name="w_918">1224.0px</dimen>
<dimen name="w_919">1225.33px</dimen>
<dimen name="w_920">1226.66px</dimen>
<dimen name="w_921">1228.0px</dimen>
<dimen name="w_922">1229.33px</dimen>
<dimen name="w_923">1230.66px</dimen>
<dimen name="w_924">1232.0px</dimen>
<dimen name="w_925">1233.33px</dimen>
<dimen name="w_926">1234.66px</dimen>
<dimen name="w_927">1236.0px</dimen>
<dimen name="w_928">1237.33px</dimen>
<dimen name="w_929">1238.66px</dimen>
<dimen name="w_930">1240.0px</dimen>
<dimen name="w_931">1241.33px</dimen>
<dimen name="w_932">1242.66px</dimen>
<dimen name="w_933">1244.0px</dimen>
<dimen name="w_934">1245.33px</dimen>
<dimen name="w_935">1246.66px</dimen>
<dimen name="w_936">1248.0px</dimen>
<dimen name="w_937">1249.33px</dimen>
<dimen name="w_938">1250.66px</dimen>
<dimen name="w_939">1252.0px</dimen>
<dimen name="w_940">1253.33px</dimen>
<dimen name="w_941">1254.66px</dimen>
<dimen name="w_942">1256.0px</dimen>
<dimen name="w_943">1257.33px</dimen>
<dimen name="w_944">1258.66px</dimen>
<dimen name="w_945">1260.0px</dimen>
<dimen name="w_946">1261.33px</dimen>
<dimen name="w_947">1262.66px</dimen>
<dimen name="w_948">1264.0px</dimen>
<dimen name="w_949">1265.33px</dimen>
<dimen name="w_950">1266.66px</dimen>
<dimen name="w_951">1268.0px</dimen>
<dimen name="w_952">1269.33px</dimen>
<dimen name="w_953">1270.66px</dimen>
<dimen name="w_954">1272.0px</dimen>
<dimen name="w_955">1273.33px</dimen>
<dimen name="w_956">1274.66px</dimen>
<dimen name="w_957">1276.0px</dimen>
<dimen name="w_958">1277.33px</dimen>
<dimen name="w_959">1278.66px</dimen>
<dimen name="w_960">1280.0px</dimen>
<dimen name="w_961">1281.33px</dimen>
<dimen name="w_962">1282.66px</dimen>
<dimen name="w_963">1284.0px</dimen>
<dimen name="w_964">1285.33px</dimen>
<dimen name="w_965">1286.66px</dimen>
<dimen name="w_966">1288.0px</dimen>
<dimen name="w_967">1289.33px</dimen>
<dimen name="w_968">1290.66px</dimen>
<dimen name="w_969">1292.0px</dimen>
<dimen name="w_970">1293.33px</dimen>
<dimen name="w_971">1294.66px</dimen>
<dimen name="w_972">1296.0px</dimen>
<dimen name="w_973">1297.33px</dimen>
<dimen name="w_974">1298.66px</dimen>
<dimen name="w_975">1300.0px</dimen>
<dimen name="w_976">1301.33px</dimen>
<dimen name="w_977">1302.66px</dimen>
<dimen name="w_978">1304.0px</dimen>
<dimen name="w_979">1305.33px</dimen>
<dimen name="w_980">1306.66px</dimen>
<dimen name="w_981">1308.0px</dimen>
<dimen name="w_982">1309.33px</dimen>
<dimen name="w_983">1310.66px</dimen>
<dimen name="w_984">1312.0px</dimen>
<dimen name="w_985">1313.33px</dimen>
<dimen name="w_986">1314.66px</dimen>
<dimen name="w_987">1316.0px</dimen>
<dimen name="w_988">1317.33px</dimen>
<dimen name="w_989">1318.66px</dimen>
<dimen name="w_990">1320.0px</dimen>
<dimen name="w_991">1321.33px</dimen>
<dimen name="w_992">1322.66px</dimen>
<dimen name="w_993">1324.0px</dimen>
<dimen name="w_994">1325.33px</dimen>
<dimen name="w_995">1326.66px</dimen>
<dimen name="w_996">1328.0px</dimen>
<dimen name="w_997">1329.33px</dimen>
<dimen name="w_998">1330.66px</dimen>
<dimen name="w_999">1332.0px</dimen>
<dimen name="w_1000">1333.33px</dimen>
<dimen name="w_1001">1334.66px</dimen>
<dimen name="w_1002">1336.0px</dimen>
<dimen name="w_1003">1337.33px</dimen>
<dimen name="w_1004">1338.66px</dimen>
<dimen name="w_1005">1340.0px</dimen>
<dimen name="w_1006">1341.33px</dimen>
<dimen name="w_1007">1342.66px</dimen>
<dimen name="w_1008">1344.0px</dimen>
<dimen name="w_1009">1345.33px</dimen>
<dimen name="w_1010">1346.66px</dimen>
<dimen name="w_1011">1348.0px</dimen>
<dimen name="w_1012">1349.33px</dimen>
<dimen name="w_1013">1350.66px</dimen>
<dimen name="w_1014">1352.0px</dimen>
<dimen name="w_1015">1353.33px</dimen>
<dimen name="w_1016">1354.66px</dimen>
<dimen name="w_1017">1356.0px</dimen>
<dimen name="w_1018">1357.33px</dimen>
<dimen name="w_1019">1358.66px</dimen>
<dimen name="w_1020">1360.0px</dimen>
<dimen name="w_1021">1361.33px</dimen>
<dimen name="w_1022">1362.66px</dimen>
<dimen name="w_1023">1364.0px</dimen>
<dimen name="w_1024">1365.33px</dimen>
<dimen name="w_1025">1366.66px</dimen>
<dimen name="w_1026">1368.0px</dimen>
<dimen name="w_1027">1369.33px</dimen>
<dimen name="w_1028">1370.66px</dimen>
<dimen name="w_1029">1372.0px</dimen>
<dimen name="w_1030">1373.33px</dimen>
<dimen name="w_1031">1374.66px</dimen>
<dimen name="w_1032">1376.0px</dimen>
<dimen name="w_1033">1377.33px</dimen>
<dimen name="w_1034">1378.66px</dimen>
<dimen name="w_1035">1380.0px</dimen>
<dimen name="w_1036">1381.33px</dimen>
<dimen name="w_1037">1382.66px</dimen>
<dimen name="w_1038">1384.0px</dimen>
<dimen name="w_1039">1385.33px</dimen>
<dimen name="w_1040">1386.66px</dimen>
<dimen name="w_1041">1388.0px</dimen>
<dimen name="w_1042">1389.33px</dimen>
<dimen name="w_1043">1390.66px</dimen>
<dimen name="w_1044">1392.0px</dimen>
<dimen name="w_1045">1393.33px</dimen>
<dimen name="w_1046">1394.66px</dimen>
<dimen name="w_1047">1396.0px</dimen>
<dimen name="w_1048">1397.33px</dimen>
<dimen name="w_1049">1398.66px</dimen>
<dimen name="w_1050">1400.0px</dimen>
<dimen name="w_1051">1401.33px</dimen>
<dimen name="w_1052">1402.66px</dimen>
<dimen name="w_1053">1404.0px</dimen>
<dimen name="w_1054">1405.33px</dimen>
<dimen name="w_1055">1406.66px</dimen>
<dimen name="w_1056">1408.0px</dimen>
<dimen name="w_1057">1409.33px</dimen>
<dimen name="w_1058">1410.66px</dimen>
<dimen name="w_1059">1412.0px</dimen>
<dimen name="w_1060">1413.33px</dimen>
<dimen name="w_1061">1414.66px</dimen>
<dimen name="w_1062">1416.0px</dimen>
<dimen name="w_1063">1417.33px</dimen>
<dimen name="w_1064">1418.66px</dimen>
<dimen name="w_1065">1420.0px</dimen>
<dimen name="w_1066">1421.33px</dimen>
<dimen name="w_1067">1422.66px</dimen>
<dimen name="w_1068">1424.0px</dimen>
<dimen name="w_1069">1425.33px</dimen>
<dimen name="w_1070">1426.66px</dimen>
<dimen name="w_1071">1428.0px</dimen>
<dimen name="w_1072">1429.33px</dimen>
<dimen name="w_1073">1430.66px</dimen>
<dimen name="w_1074">1432.0px</dimen>
<dimen name="w_1075">1433.33px</dimen>
<dimen name="w_1076">1434.66px</dimen>
<dimen name="w_1077">1436.0px</dimen>
<dimen name="w_1078">1437.33px</dimen>
<dimen name="w_1079">1438.66px</dimen>
<dimen name="w_1080">1440.0px</dimen>
<dimen name="w_1081">1441.33px</dimen>
<dimen name="w_1082">1442.66px</dimen>
<dimen name="w_1083">1444.0px</dimen>
<dimen name="w_1084">1445.33px</dimen>
<dimen name="w_1085">1446.66px</dimen>
<dimen name="w_1086">1448.0px</dimen>
<dimen name="w_1087">1449.33px</dimen>
<dimen name="w_1088">1450.66px</dimen>
<dimen name="w_1089">1452.0px</dimen>
<dimen name="w_1090">1453.33px</dimen>
<dimen name="w_1091">1454.66px</dimen>
<dimen name="w_1092">1456.0px</dimen>
<dimen name="w_1093">1457.33px</dimen>
<dimen name="w_1094">1458.66px</dimen>
<dimen name="w_1095">1460.0px</dimen>
<dimen name="w_1096">1461.33px</dimen>
<dimen name="w_1097">1462.66px</dimen>
<dimen name="w_1098">1464.0px</dimen>
<dimen name="w_1099">1465.33px</dimen>
<dimen name="w_1100">1466.66px</dimen>
<dimen name="w_1101">1468.0px</dimen>
<dimen name="w_1102">1469.33px</dimen>
<dimen name="w_1103">1470.66px</dimen>
<dimen name="w_1104">1472.0px</dimen>
<dimen name="w_1105">1473.33px</dimen>
<dimen name="w_1106">1474.66px</dimen>
<dimen name="w_1107">1476.0px</dimen>
<dimen name="w_1108">1477.33px</dimen>
<dimen name="w_1109">1478.66px</dimen>
<dimen name="w_1110">1480.0px</dimen>
<dimen name="w_1111">1481.33px</dimen>
<dimen name="w_1112">1482.66px</dimen>
<dimen name="w_1113">1484.0px</dimen>
<dimen name="w_1114">1485.33px</dimen>
<dimen name="w_1115">1486.66px</dimen>
<dimen name="w_1116">1488.0px</dimen>
<dimen name="w_1117">1489.33px</dimen>
<dimen name="w_1118">1490.66px</dimen>
<dimen name="w_1119">1492.0px</dimen>
<dimen name="w_1120">1493.33px</dimen>
<dimen name="w_1121">1494.66px</dimen>
<dimen name="w_1122">1496.0px</dimen>
<dimen name="w_1123">1497.33px</dimen>
<dimen name="w_1124">1498.66px</dimen>
<dimen name="w_1125">1500.0px</dimen>
<dimen name="w_1126">1501.33px</dimen>
<dimen name="w_1127">1502.66px</dimen>
<dimen name="w_1128">1504.0px</dimen>
<dimen name="w_1129">1505.33px</dimen>
<dimen name="w_1130">1506.66px</dimen>
<dimen name="w_1131">1508.0px</dimen>
<dimen name="w_1132">1509.33px</dimen>
<dimen name="w_1133">1510.66px</dimen>
<dimen name="w_1134">1512.0px</dimen>
<dimen name="w_1135">1513.33px</dimen>
<dimen name="w_1136">1514.66px</dimen>
<dimen name="w_1137">1516.0px</dimen>
<dimen name="w_1138">1517.33px</dimen>
<dimen name="w_1139">1518.66px</dimen>
<dimen name="w_1140">1520.0px</dimen>
<dimen name="w_1141">1521.33px</dimen>
<dimen name="w_1142">1522.66px</dimen>
<dimen name="w_1143">1524.0px</dimen>
<dimen name="w_1144">1525.33px</dimen>
<dimen name="w_1145">1526.66px</dimen>
<dimen name="w_1146">1528.0px</dimen>
<dimen name="w_1147">1529.33px</dimen>
<dimen name="w_1148">1530.66px</dimen>
<dimen name="w_1149">1532.0px</dimen>
<dimen name="w_1150">1533.33px</dimen>
<dimen name="w_1151">1534.66px</dimen>
<dimen name="w_1152">1536.0px</dimen>
<dimen name="w_1153">1537.33px</dimen>
<dimen name="w_1154">1538.66px</dimen>
<dimen name="w_1155">1540.0px</dimen>
<dimen name="w_1156">1541.33px</dimen>
<dimen name="w_1157">1542.66px</dimen>
<dimen name="w_1158">1544.0px</dimen>
<dimen name="w_1159">1545.33px</dimen>
<dimen name="w_1160">1546.66px</dimen>
<dimen name="w_1161">1548.0px</dimen>
<dimen name="w_1162">1549.33px</dimen>
<dimen name="w_1163">1550.66px</dimen>
<dimen name="w_1164">1552.0px</dimen>
<dimen name="w_1165">1553.33px</dimen>
<dimen name="w_1166">1554.66px</dimen>
<dimen name="w_1167">1556.0px</dimen>
<dimen name="w_1168">1557.33px</dimen>
<dimen name="w_1169">1558.66px</dimen>
<dimen name="w_1170">1560.0px</dimen>
<dimen name="w_1171">1561.33px</dimen>
<dimen name="w_1172">1562.66px</dimen>
<dimen name="w_1173">1564.0px</dimen>
<dimen name="w_1174">1565.33px</dimen>
<dimen name="w_1175">1566.66px</dimen>
<dimen name="w_1176">1568.0px</dimen>
<dimen name="w_1177">1569.33px</dimen>
<dimen name="w_1178">1570.66px</dimen>
<dimen name="w_1179">1572.0px</dimen>
<dimen name="w_1180">1573.33px</dimen>
<dimen name="w_1181">1574.66px</dimen>
<dimen name="w_1182">1576.0px</dimen>
<dimen name="w_1183">1577.33px</dimen>
<dimen name="w_1184">1578.66px</dimen>
<dimen name="w_1185">1580.0px</dimen>
<dimen name="w_1186">1581.33px</dimen>
<dimen name="w_1187">1582.66px</dimen>
<dimen name="w_1188">1584.0px</dimen>
<dimen name="w_1189">1585.33px</dimen>
<dimen name="w_1190">1586.66px</dimen>
<dimen name="w_1191">1588.0px</dimen>
<dimen name="w_1192">1589.33px</dimen>
<dimen name="w_1193">1590.66px</dimen>
<dimen name="w_1194">1592.0px</dimen>
<dimen name="w_1195">1593.33px</dimen>
<dimen name="w_1196">1594.66px</dimen>
<dimen name="w_1197">1596.0px</dimen>
<dimen name="w_1198">1597.33px</dimen>
<dimen name="w_1199">1598.66px</dimen>
<dimen name="w_1200">1600.0px</dimen>
<dimen name="w_1201">1601.33px</dimen>
<dimen name="w_1202">1602.66px</dimen>
<dimen name="w_1203">1604.0px</dimen>
<dimen name="w_1204">1605.33px</dimen>
<dimen name="w_1205">1606.66px</dimen>
<dimen name="w_1206">1608.0px</dimen>
<dimen name="w_1207">1609.33px</dimen>
<dimen name="w_1208">1610.66px</dimen>
<dimen name="w_1209">1612.0px</dimen>
<dimen name="w_1210">1613.33px</dimen>
<dimen name="w_1211">1614.66px</dimen>
<dimen name="w_1212">1616.0px</dimen>
<dimen name="w_1213">1617.33px</dimen>
<dimen name="w_1214">1618.66px</dimen>
<dimen name="w_1215">1620.0px</dimen>
<dimen name="w_1216">1621.33px</dimen>
<dimen name="w_1217">1622.66px</dimen>
<dimen name="w_1218">1624.0px</dimen>
<dimen name="w_1219">1625.33px</dimen>
<dimen name="w_1220">1626.66px</dimen>
<dimen name="w_1221">1628.0px</dimen>
<dimen name="w_1222">1629.33px</dimen>
<dimen name="w_1223">1630.66px</dimen>
<dimen name="w_1224">1632.0px</dimen>
<dimen name="w_1225">1633.33px</dimen>
<dimen name="w_1226">1634.66px</dimen>
<dimen name="w_1227">1636.0px</dimen>
<dimen name="w_1228">1637.33px</dimen>
<dimen name="w_1229">1638.66px</dimen>
<dimen name="w_1230">1640.0px</dimen>
<dimen name="w_1231">1641.33px</dimen>
<dimen name="w_1232">1642.66px</dimen>
<dimen name="w_1233">1644.0px</dimen>
<dimen name="w_1234">1645.33px</dimen>
<dimen name="w_1235">1646.66px</dimen>
<dimen name="w_1236">1648.0px</dimen>
<dimen name="w_1237">1649.33px</dimen>
<dimen name="w_1238">1650.66px</dimen>
<dimen name="w_1239">1652.0px</dimen>
<dimen name="w_1240">1653.33px</dimen>
<dimen name="w_1241">1654.66px</dimen>
<dimen name="w_1242">1656.0px</dimen>
<dimen name="w_1243">1657.33px</dimen>
<dimen name="w_1244">1658.66px</dimen>
<dimen name="w_1245">1660.0px</dimen>
<dimen name="w_1246">1661.33px</dimen>
<dimen name="w_1247">1662.66px</dimen>
<dimen name="w_1248">1664.0px</dimen>
<dimen name="w_1249">1665.33px</dimen>
<dimen name="w_1250">1666.66px</dimen>
<dimen name="w_1251">1668.0px</dimen>
<dimen name="w_1252">1669.33px</dimen>
<dimen name="w_1253">1670.66px</dimen>
<dimen name="w_1254">1672.0px</dimen>
<dimen name="w_1255">1673.33px</dimen>
<dimen name="w_1256">1674.66px</dimen>
<dimen name="w_1257">1676.0px</dimen>
<dimen name="w_1258">1677.33px</dimen>
<dimen name="w_1259">1678.66px</dimen>
<dimen name="w_1260">1680.0px</dimen>
<dimen name="w_1261">1681.33px</dimen>
<dimen name="w_1262">1682.66px</dimen>
<dimen name="w_1263">1684.0px</dimen>
<dimen name="w_1264">1685.33px</dimen>
<dimen name="w_1265">1686.66px</dimen>
<dimen name="w_1266">1688.0px</dimen>
<dimen name="w_1267">1689.33px</dimen>
<dimen name="w_1268">1690.66px</dimen>
<dimen name="w_1269">1692.0px</dimen>
<dimen name="w_1270">1693.33px</dimen>
<dimen name="w_1271">1694.66px</dimen>
<dimen name="w_1272">1696.0px</dimen>
<dimen name="w_1273">1697.33px</dimen>
<dimen name="w_1274">1698.66px</dimen>
<dimen name="w_1275">1700.0px</dimen>
<dimen name="w_1276">1701.33px</dimen>
<dimen name="w_1277">1702.66px</dimen>
<dimen name="w_1278">1704.0px</dimen>
<dimen name="w_1279">1705.33px</dimen>
<dimen name="w_1280">1706.66px</dimen>
<dimen name="w_1281">1708.0px</dimen>
<dimen name="w_1282">1709.33px</dimen>
<dimen name="w_1283">1710.66px</dimen>
<dimen name="w_1284">1712.0px</dimen>
<dimen name="w_1285">1713.33px</dimen>
<dimen name="w_1286">1714.66px</dimen>
<dimen name="w_1287">1716.0px</dimen>
<dimen name="w_1288">1717.33px</dimen>
<dimen name="w_1289">1718.66px</dimen>
<dimen name="w_1290">1720.0px</dimen>
<dimen name="w_1291">1721.33px</dimen>
<dimen name="w_1292">1722.66px</dimen>
<dimen name="w_1293">1724.0px</dimen>
<dimen name="w_1294">1725.33px</dimen>
<dimen name="w_1295">1726.66px</dimen>
<dimen name="w_1296">1728.0px</dimen>
<dimen name="w_1297">1729.33px</dimen>
<dimen name="w_1298">1730.66px</dimen>
<dimen name="w_1299">1732.0px</dimen>
<dimen name="w_1300">1733.33px</dimen>
<dimen name="w_1301">1734.66px</dimen>
<dimen name="w_1302">1736.0px</dimen>
<dimen name="w_1303">1737.33px</dimen>
<dimen name="w_1304">1738.66px</dimen>
<dimen name="w_1305">1740.0px</dimen>
<dimen name="w_1306">1741.33px</dimen>
<dimen name="w_1307">1742.66px</dimen>
<dimen name="w_1308">1744.0px</dimen>
<dimen name="w_1309">1745.33px</dimen>
<dimen name="w_1310">1746.66px</dimen>
<dimen name="w_1311">1748.0px</dimen>
<dimen name="w_1312">1749.33px</dimen>
<dimen name="w_1313">1750.66px</dimen>
<dimen name="w_1314">1752.0px</dimen>
<dimen name="w_1315">1753.33px</dimen>
<dimen name="w_1316">1754.66px</dimen>
<dimen name="w_1317">1756.0px</dimen>
<dimen name="w_1318">1757.33px</dimen>
<dimen name="w_1319">1758.66px</dimen>
<dimen name="w_1320">1760.0px</dimen>
<dimen name="w_1321">1761.33px</dimen>
<dimen name="w_1322">1762.66px</dimen>
<dimen name="w_1323">1764.0px</dimen>
<dimen name="w_1324">1765.33px</dimen>
<dimen name="w_1325">1766.66px</dimen>
<dimen name="w_1326">1768.0px</dimen>
<dimen name="w_1327">1769.33px</dimen>
<dimen name="w_1328">1770.66px</dimen>
<dimen name="w_1329">1772.0px</dimen>
<dimen name="w_1330">1773.33px</dimen>
<dimen name="w_1331">1774.66px</dimen>
<dimen name="w_1332">1776.0px</dimen>
<dimen name="w_1333">1777.33px</dimen>
<dimen name="w_1334">1778.66px</dimen>
<dimen name="w_1335">1780.0px</dimen>
<dimen name="w_1336">1781.33px</dimen>
<dimen name="w_1337">1782.66px</dimen>
<dimen name="w_1338">1784.0px</dimen>
<dimen name="w_1339">1785.33px</dimen>
<dimen name="w_1340">1786.66px</dimen>
<dimen name="w_1341">1788.0px</dimen>
<dimen name="w_1342">1789.33px</dimen>
<dimen name="w_1343">1790.66px</dimen>
<dimen name="w_1344">1792.0px</dimen>
<dimen name="w_1345">1793.33px</dimen>
<dimen name="w_1346">1794.66px</dimen>
<dimen name="w_1347">1796.0px</dimen>
<dimen name="w_1348">1797.33px</dimen>
<dimen name="w_1349">1798.66px</dimen>
<dimen name="w_1350">1800.0px</dimen>
<dimen name="w_1351">1801.33px</dimen>
<dimen name="w_1352">1802.66px</dimen>
<dimen name="w_1353">1804.0px</dimen>
<dimen name="w_1354">1805.33px</dimen>
<dimen name="w_1355">1806.66px</dimen>
<dimen name="w_1356">1808.0px</dimen>
<dimen name="w_1357">1809.33px</dimen>
<dimen name="w_1358">1810.66px</dimen>
<dimen name="w_1359">1812.0px</dimen>
<dimen name="w_1360">1813.33px</dimen>
<dimen name="w_1361">1814.66px</dimen>
<dimen name="w_1362">1816.0px</dimen>
<dimen name="w_1363">1817.33px</dimen>
<dimen name="w_1364">1818.66px</dimen>
<dimen name="w_1365">1820.0px</dimen>
<dimen name="w_1366">1821.33px</dimen>
<dimen name="w_1367">1822.66px</dimen>
<dimen name="w_1368">1824.0px</dimen>
<dimen name="w_1369">1825.33px</dimen>
<dimen name="w_1370">1826.66px</dimen>
<dimen name="w_1371">1828.0px</dimen>
<dimen name="w_1372">1829.33px</dimen>
<dimen name="w_1373">1830.66px</dimen>
<dimen name="w_1374">1832.0px</dimen>
<dimen name="w_1375">1833.33px</dimen>
<dimen name="w_1376">1834.66px</dimen>
<dimen name="w_1377">1836.0px</dimen>
<dimen name="w_1378">1837.33px</dimen>
<dimen name="w_1379">1838.66px</dimen>
<dimen name="w_1380">1840.0px</dimen>
<dimen name="w_1381">1841.33px</dimen>
<dimen name="w_1382">1842.66px</dimen>
<dimen name="w_1383">1844.0px</dimen>
<dimen name="w_1384">1845.33px</dimen>
<dimen name="w_1385">1846.66px</dimen>
<dimen name="w_1386">1848.0px</dimen>
<dimen name="w_1387">1849.33px</dimen>
<dimen name="w_1388">1850.66px</dimen>
<dimen name="w_1389">1852.0px</dimen>
<dimen name="w_1390">1853.33px</dimen>
<dimen name="w_1391">1854.66px</dimen>
<dimen name="w_1392">1856.0px</dimen>
<dimen name="w_1393">1857.33px</dimen>
<dimen name="w_1394">1858.66px</dimen>
<dimen name="w_1395">1860.0px</dimen>
<dimen name="w_1396">1861.33px</dimen>
<dimen name="w_1397">1862.66px</dimen>
<dimen name="w_1398">1864.0px</dimen>
<dimen name="w_1399">1865.33px</dimen>
<dimen name="w_1400">1866.66px</dimen>
<dimen name="w_1401">1868.0px</dimen>
<dimen name="w_1402">1869.33px</dimen>
<dimen name="w_1403">1870.66px</dimen>
<dimen name="w_1404">1872.0px</dimen>
<dimen name="w_1405">1873.33px</dimen>
<dimen name="w_1406">1874.66px</dimen>
<dimen name="w_1407">1876.0px</dimen>
<dimen name="w_1408">1877.33px</dimen>
<dimen name="w_1409">1878.66px</dimen>
<dimen name="w_1410">1880.0px</dimen>
<dimen name="w_1411">1881.33px</dimen>
<dimen name="w_1412">1882.66px</dimen>
<dimen name="w_1413">1884.0px</dimen>
<dimen name="w_1414">1885.33px</dimen>
<dimen name="w_1415">1886.66px</dimen>
<dimen name="w_1416">1888.0px</dimen>
<dimen name="w_1417">1889.33px</dimen>
<dimen name="w_1418">1890.66px</dimen>
<dimen name="w_1419">1892.0px</dimen>
<dimen name="w_1420">1893.33px</dimen>
<dimen name="w_1421">1894.66px</dimen>
<dimen name="w_1422">1896.0px</dimen>
<dimen name="w_1423">1897.33px</dimen>
<dimen name="w_1424">1898.66px</dimen>
<dimen name="w_1425">1900.0px</dimen>
<dimen name="w_1426">1901.33px</dimen>
<dimen name="w_1427">1902.66px</dimen>
<dimen name="w_1428">1904.0px</dimen>
<dimen name="w_1429">1905.33px</dimen>
<dimen name="w_1430">1906.66px</dimen>
<dimen name="w_1431">1908.0px</dimen>
<dimen name="w_1432">1909.33px</dimen>
<dimen name="w_1433">1910.66px</dimen>
<dimen name="w_1434">1912.0px</dimen>
<dimen name="w_1435">1913.33px</dimen>
<dimen name="w_1436">1914.66px</dimen>
<dimen name="w_1437">1916.0px</dimen>
<dimen name="w_1438">1917.33px</dimen>
<dimen name="w_1439">1918.66px</dimen>
<dimen name="w_1440">1920.0px</dimen>
<dimen name="w_1441">1921.33px</dimen>
<dimen name="w_1442">1922.66px</dimen>
<dimen name="w_1443">1924.0px</dimen>
<dimen name="w_1444">1925.33px</dimen>
<dimen name="w_1445">1926.66px</dimen>
<dimen name="w_1446">1928.0px</dimen>
<dimen name="w_1447">1929.33px</dimen>
<dimen name="w_1448">1930.66px</dimen>
<dimen name="w_1449">1932.0px</dimen>
<dimen name="w_1450">1933.33px</dimen>
<dimen name="w_1451">1934.66px</dimen>
<dimen name="w_1452">1936.0px</dimen>
<dimen name="w_1453">1937.33px</dimen>
<dimen name="w_1454">1938.66px</dimen>
<dimen name="w_1455">1940.0px</dimen>
<dimen name="w_1456">1941.33px</dimen>
<dimen name="w_1457">1942.66px</dimen>
<dimen name="w_1458">1944.0px</dimen>
<dimen name="w_1459">1945.33px</dimen>
<dimen name="w_1460">1946.66px</dimen>
<dimen name="w_1461">1948.0px</dimen>
<dimen name="w_1462">1949.33px</dimen>
<dimen name="w_1463">1950.66px</dimen>
<dimen name="w_1464">1952.0px</dimen>
<dimen name="w_1465">1953.33px</dimen>
<dimen name="w_1466">1954.66px</dimen>
<dimen name="w_1467">1956.0px</dimen>
<dimen name="w_1468">1957.33px</dimen>
<dimen name="w_1469">1958.66px</dimen>
<dimen name="w_1470">1960.0px</dimen>
<dimen name="w_1471">1961.33px</dimen>
<dimen name="w_1472">1962.66px</dimen>
<dimen name="w_1473">1964.0px</dimen>
<dimen name="w_1474">1965.33px</dimen>
<dimen name="w_1475">1966.66px</dimen>
<dimen name="w_1476">1968.0px</dimen>
<dimen name="w_1477">1969.33px</dimen>
<dimen name="w_1478">1970.66px</dimen>
<dimen name="w_1479">1972.0px</dimen>
<dimen name="w_1480">1973.33px</dimen>
<dimen name="w_1481">1974.66px</dimen>
<dimen name="w_1482">1976.0px</dimen>
<dimen name="w_1483">1977.33px</dimen>
<dimen name="w_1484">1978.66px</dimen>
<dimen name="w_1485">1980.0px</dimen>
<dimen name="w_1486">1981.33px</dimen>
<dimen name="w_1487">1982.66px</dimen>
<dimen name="w_1488">1984.0px</dimen>
<dimen name="w_1489">1985.33px</dimen>
<dimen name="w_1490">1986.66px</dimen>
<dimen name="w_1491">1988.0px</dimen>
<dimen name="w_1492">1989.33px</dimen>
<dimen name="w_1493">1990.66px</dimen>
<dimen name="w_1494">1992.0px</dimen>
<dimen name="w_1495">1993.33px</dimen>
<dimen name="w_1496">1994.66px</dimen>
<dimen name="w_1497">1996.0px</dimen>
<dimen name="w_1498">1997.33px</dimen>
<dimen name="w_1499">1998.66px</dimen>
<dimen name="w_1500">2000.0px</dimen>
<dimen name="w_1501">2001.33px</dimen>
<dimen name="w_1502">2002.66px</dimen>
<dimen name="w_1503">2004.0px</dimen>
<dimen name="w_1504">2005.33px</dimen>
<dimen name="w_1505">2006.66px</dimen>
<dimen name="w_1506">2008.0px</dimen>
<dimen name="w_1507">2009.33px</dimen>
<dimen name="w_1508">2010.66px</dimen>
<dimen name="w_1509">2012.0px</dimen>
<dimen name="w_1510">2013.33px</dimen>
<dimen name="w_1511">2014.66px</dimen>
<dimen name="w_1512">2016.0px</dimen>
<dimen name="w_1513">2017.33px</dimen>
<dimen name="w_1514">2018.66px</dimen>
<dimen name="w_1515">2020.0px</dimen>
<dimen name="w_1516">2021.33px</dimen>
<dimen name="w_1517">2022.66px</dimen>
<dimen name="w_1518">2024.0px</dimen>
<dimen name="w_1519">2025.33px</dimen>
<dimen name="w_1520">2026.66px</dimen>
<dimen name="w_1521">2028.0px</dimen>
<dimen name="w_1522">2029.33px</dimen>
<dimen name="w_1523">2030.66px</dimen>
<dimen name="w_1524">2032.0px</dimen>
<dimen name="w_1525">2033.33px</dimen>
<dimen name="w_1526">2034.66px</dimen>
<dimen name="w_1527">2036.0px</dimen>
<dimen name="w_1528">2037.33px</dimen>
<dimen name="w_1529">2038.66px</dimen>
<dimen name="w_1530">2040.0px</dimen>
<dimen name="w_1531">2041.33px</dimen>
<dimen name="w_1532">2042.66px</dimen>
<dimen name="w_1533">2044.0px</dimen>
<dimen name="w_1534">2045.33px</dimen>
<dimen name="w_1535">2046.66px</dimen>
<dimen name="w_1536">2048.0px</dimen>
<dimen name="w_1537">2049.33px</dimen>
<dimen name="w_1538">2050.66px</dimen>
<dimen name="w_1539">2052.0px</dimen>
<dimen name="w_1540">2053.33px</dimen>
<dimen name="w_1541">2054.66px</dimen>
<dimen name="w_1542">2056.0px</dimen>
<dimen name="w_1543">2057.33px</dimen>
<dimen name="w_1544">2058.66px</dimen>
<dimen name="w_1545">2060.0px</dimen>
<dimen name="w_1546">2061.33px</dimen>
<dimen name="w_1547">2062.66px</dimen>
<dimen name="w_1548">2064.0px</dimen>
<dimen name="w_1549">2065.33px</dimen>
<dimen name="w_1550">2066.66px</dimen>
<dimen name="w_1551">2068.0px</dimen>
<dimen name="w_1552">2069.33px</dimen>
<dimen name="w_1553">2070.66px</dimen>
<dimen name="w_1554">2072.0px</dimen>
<dimen name="w_1555">2073.33px</dimen>
<dimen name="w_1556">2074.66px</dimen>
<dimen name="w_1557">2076.0px</dimen>
<dimen name="w_1558">2077.33px</dimen>
<dimen name="w_1559">2078.66px</dimen>
<dimen name="w_1560">2080.0px</dimen>
<dimen name="w_1561">2081.33px</dimen>
<dimen name="w_1562">2082.66px</dimen>
<dimen name="w_1563">2084.0px</dimen>
<dimen name="w_1564">2085.33px</dimen>
<dimen name="w_1565">2086.66px</dimen>
<dimen name="w_1566">2088.0px</dimen>
<dimen name="w_1567">2089.33px</dimen>
<dimen name="w_1568">2090.66px</dimen>
<dimen name="w_1569">2092.0px</dimen>
<dimen name="w_1570">2093.33px</dimen>
<dimen name="w_1571">2094.66px</dimen>
<dimen name="w_1572">2096.0px</dimen>
<dimen name="w_1573">2097.33px</dimen>
<dimen name="w_1574">2098.66px</dimen>
<dimen name="w_1575">2100.0px</dimen>
<dimen name="w_1576">2101.33px</dimen>
<dimen name="w_1577">2102.66px</dimen>
<dimen name="w_1578">2104.0px</dimen>
<dimen name="w_1579">2105.33px</dimen>
<dimen name="w_1580">2106.66px</dimen>
<dimen name="w_1581">2108.0px</dimen>
<dimen name="w_1582">2109.33px</dimen>
<dimen name="w_1583">2110.66px</dimen>
<dimen name="w_1584">2112.0px</dimen>
<dimen name="w_1585">2113.33px</dimen>
<dimen name="w_1586">2114.66px</dimen>
<dimen name="w_1587">2116.0px</dimen>
<dimen name="w_1588">2117.33px</dimen>
<dimen name="w_1589">2118.66px</dimen>
<dimen name="w_1590">2120.0px</dimen>
<dimen name="w_1591">2121.33px</dimen>
<dimen name="w_1592">2122.66px</dimen>
<dimen name="w_1593">2124.0px</dimen>
<dimen name="w_1594">2125.33px</dimen>
<dimen name="w_1595">2126.66px</dimen>
<dimen name="w_1596">2128.0px</dimen>
<dimen name="w_1597">2129.33px</dimen>
<dimen name="w_1598">2130.66px</dimen>
<dimen name="w_1599">2132.0px</dimen>
<dimen name="w_1600">2133.33px</dimen>
<dimen name="w_1601">2134.66px</dimen>
<dimen name="w_1602">2136.0px</dimen>
<dimen name="w_1603">2137.33px</dimen>
<dimen name="w_1604">2138.66px</dimen>
<dimen name="w_1605">2140.0px</dimen>
<dimen name="w_1606">2141.33px</dimen>
<dimen name="w_1607">2142.66px</dimen>
<dimen name="w_1608">2144.0px</dimen>
<dimen name="w_1609">2145.33px</dimen>
<dimen name="w_1610">2146.66px</dimen>
<dimen name="w_1611">2148.0px</dimen>
<dimen name="w_1612">2149.33px</dimen>
<dimen name="w_1613">2150.66px</dimen>
<dimen name="w_1614">2152.0px</dimen>
<dimen name="w_1615">2153.33px</dimen>
<dimen name="w_1616">2154.66px</dimen>
<dimen name="w_1617">2156.0px</dimen>
<dimen name="w_1618">2157.33px</dimen>
<dimen name="w_1619">2158.66px</dimen>
<dimen name="w_1620">2160.0px</dimen>
<dimen name="w_1621">2161.33px</dimen>
<dimen name="w_1622">2162.66px</dimen>
<dimen name="w_1623">2164.0px</dimen>
<dimen name="w_1624">2165.33px</dimen>
<dimen name="w_1625">2166.66px</dimen>
<dimen name="w_1626">2168.0px</dimen>
<dimen name="w_1627">2169.33px</dimen>
<dimen name="w_1628">2170.66px</dimen>
<dimen name="w_1629">2172.0px</dimen>
<dimen name="w_1630">2173.33px</dimen>
<dimen name="w_1631">2174.66px</dimen>
<dimen name="w_1632">2176.0px</dimen>
<dimen name="w_1633">2177.33px</dimen>
<dimen name="w_1634">2178.66px</dimen>
<dimen name="w_1635">2180.0px</dimen>
<dimen name="w_1636">2181.33px</dimen>
<dimen name="w_1637">2182.66px</dimen>
<dimen name="w_1638">2184.0px</dimen>
<dimen name="w_1639">2185.33px</dimen>
<dimen name="w_1640">2186.66px</dimen>
<dimen name="w_1641">2188.0px</dimen>
<dimen name="w_1642">2189.33px</dimen>
<dimen name="w_1643">2190.66px</dimen>
<dimen name="w_1644">2192.0px</dimen>
<dimen name="w_1645">2193.33px</dimen>
<dimen name="w_1646">2194.66px</dimen>
<dimen name="w_1647">2196.0px</dimen>
<dimen name="w_1648">2197.33px</dimen>
<dimen name="w_1649">2198.66px</dimen>
<dimen name="w_1650">2200.0px</dimen>
<dimen name="w_1651">2201.33px</dimen>
<dimen name="w_1652">2202.66px</dimen>
<dimen name="w_1653">2204.0px</dimen>
<dimen name="w_1654">2205.33px</dimen>
<dimen name="w_1655">2206.66px</dimen>
<dimen name="w_1656">2208.0px</dimen>
<dimen name="w_1657">2209.33px</dimen>
<dimen name="w_1658">2210.66px</dimen>
<dimen name="w_1659">2212.0px</dimen>
<dimen name="w_1660">2213.33px</dimen>
<dimen name="w_1661">2214.66px</dimen>
<dimen name="w_1662">2216.0px</dimen>
<dimen name="w_1663">2217.33px</dimen>
<dimen name="w_1664">2218.66px</dimen>
<dimen name="w_1665">2220.0px</dimen>
<dimen name="w_1666">2221.33px</dimen>
<dimen name="w_1667">2222.66px</dimen>
<dimen name="w_1668">2224.0px</dimen>
<dimen name="w_1669">2225.33px</dimen>
<dimen name="w_1670">2226.66px</dimen>
<dimen name="w_1671">2228.0px</dimen>
<dimen name="w_1672">2229.33px</dimen>
<dimen name="w_1673">2230.66px</dimen>
<dimen name="w_1674">2232.0px</dimen>
<dimen name="w_1675">2233.33px</dimen>
<dimen name="w_1676">2234.66px</dimen>
<dimen name="w_1677">2236.0px</dimen>
<dimen name="w_1678">2237.33px</dimen>
<dimen name="w_1679">2238.66px</dimen>
<dimen name="w_1680">2240.0px</dimen>
<dimen name="w_1681">2241.33px</dimen>
<dimen name="w_1682">2242.66px</dimen>
<dimen name="w_1683">2244.0px</dimen>
<dimen name="w_1684">2245.33px</dimen>
<dimen name="w_1685">2246.66px</dimen>
<dimen name="w_1686">2248.0px</dimen>
<dimen name="w_1687">2249.33px</dimen>
<dimen name="w_1688">2250.66px</dimen>
<dimen name="w_1689">2252.0px</dimen>
<dimen name="w_1690">2253.33px</dimen>
<dimen name="w_1691">2254.66px</dimen>
<dimen name="w_1692">2256.0px</dimen>
<dimen name="w_1693">2257.33px</dimen>
<dimen name="w_1694">2258.66px</dimen>
<dimen name="w_1695">2260.0px</dimen>
<dimen name="w_1696">2261.33px</dimen>
<dimen name="w_1697">2262.66px</dimen>
<dimen name="w_1698">2264.0px</dimen>
<dimen name="w_1699">2265.33px</dimen>
<dimen name="w_1700">2266.66px</dimen>
<dimen name="w_1701">2268.0px</dimen>
<dimen name="w_1702">2269.33px</dimen>
<dimen name="w_1703">2270.66px</dimen>
<dimen name="w_1704">2272.0px</dimen>
<dimen name="w_1705">2273.33px</dimen>
<dimen name="w_1706">2274.66px</dimen>
<dimen name="w_1707">2276.0px</dimen>
<dimen name="w_1708">2277.33px</dimen>
<dimen name="w_1709">2278.66px</dimen>
<dimen name="w_1710">2280.0px</dimen>
<dimen name="w_1711">2281.33px</dimen>
<dimen name="w_1712">2282.66px</dimen>
<dimen name="w_1713">2284.0px</dimen>
<dimen name="w_1714">2285.33px</dimen>
<dimen name="w_1715">2286.66px</dimen>
<dimen name="w_1716">2288.0px</dimen>
<dimen name="w_1717">2289.33px</dimen>
<dimen name="w_1718">2290.66px</dimen>
<dimen name="w_1719">2292.0px</dimen>
<dimen name="w_1720">2293.33px</dimen>
<dimen name="w_1721">2294.66px</dimen>
<dimen name="w_1722">2296.0px</dimen>
<dimen name="w_1723">2297.33px</dimen>
<dimen name="w_1724">2298.66px</dimen>
<dimen name="w_1725">2300.0px</dimen>
<dimen name="w_1726">2301.33px</dimen>
<dimen name="w_1727">2302.66px</dimen>
<dimen name="w_1728">2304.0px</dimen>
<dimen name="w_1729">2305.33px</dimen>
<dimen name="w_1730">2306.66px</dimen>
<dimen name="w_1731">2308.0px</dimen>
<dimen name="w_1732">2309.33px</dimen>
<dimen name="w_1733">2310.66px</dimen>
<dimen name="w_1734">2312.0px</dimen>
<dimen name="w_1735">2313.33px</dimen>
<dimen name="w_1736">2314.66px</dimen>
<dimen name="w_1737">2316.0px</dimen>
<dimen name="w_1738">2317.33px</dimen>
<dimen name="w_1739">2318.66px</dimen>
<dimen name="w_1740">2320.0px</dimen>
<dimen name="w_1741">2321.33px</dimen>
<dimen name="w_1742">2322.66px</dimen>
<dimen name="w_1743">2324.0px</dimen>
<dimen name="w_1744">2325.33px</dimen>
<dimen name="w_1745">2326.66px</dimen>
<dimen name="w_1746">2328.0px</dimen>
<dimen name="w_1747">2329.33px</dimen>
<dimen name="w_1748">2330.66px</dimen>
<dimen name="w_1749">2332.0px</dimen>
<dimen name="w_1750">2333.33px</dimen>
<dimen name="w_1751">2334.66px</dimen>
<dimen name="w_1752">2336.0px</dimen>
<dimen name="w_1753">2337.33px</dimen>
<dimen name="w_1754">2338.66px</dimen>
<dimen name="w_1755">2340.0px</dimen>
<dimen name="w_1756">2341.33px</dimen>
<dimen name="w_1757">2342.66px</dimen>
<dimen name="w_1758">2344.0px</dimen>
<dimen name="w_1759">2345.33px</dimen>
<dimen name="w_1760">2346.66px</dimen>
<dimen name="w_1761">2348.0px</dimen>
<dimen name="w_1762">2349.33px</dimen>
<dimen name="w_1763">2350.66px</dimen>
<dimen name="w_1764">2352.0px</dimen>
<dimen name="w_1765">2353.33px</dimen>
<dimen name="w_1766">2354.66px</dimen>
<dimen name="w_1767">2356.0px</dimen>
<dimen name="w_1768">2357.33px</dimen>
<dimen name="w_1769">2358.66px</dimen>
<dimen name="w_1770">2360.0px</dimen>
<dimen name="w_1771">2361.33px</dimen>
<dimen name="w_1772">2362.66px</dimen>
<dimen name="w_1773">2364.0px</dimen>
<dimen name="w_1774">2365.33px</dimen>
<dimen name="w_1775">2366.66px</dimen>
<dimen name="w_1776">2368.0px</dimen>
<dimen name="w_1777">2369.33px</dimen>
<dimen name="w_1778">2370.66px</dimen>
<dimen name="w_1779">2372.0px</dimen>
<dimen name="w_1780">2373.33px</dimen>
<dimen name="w_1781">2374.66px</dimen>
<dimen name="w_1782">2376.0px</dimen>
<dimen name="w_1783">2377.33px</dimen>
<dimen name="w_1784">2378.66px</dimen>
<dimen name="w_1785">2380.0px</dimen>
<dimen name="w_1786">2381.33px</dimen>
<dimen name="w_1787">2382.66px</dimen>
<dimen name="w_1788">2384.0px</dimen>
<dimen name="w_1789">2385.33px</dimen>
<dimen name="w_1790">2386.66px</dimen>
<dimen name="w_1791">2388.0px</dimen>
<dimen name="w_1792">2389.33px</dimen>
<dimen name="w_1793">2390.66px</dimen>
<dimen name="w_1794">2392.0px</dimen>
<dimen name="w_1795">2393.33px</dimen>
<dimen name="w_1796">2394.66px</dimen>
<dimen name="w_1797">2396.0px</dimen>
<dimen name="w_1798">2397.33px</dimen>
<dimen name="w_1799">2398.66px</dimen>
<dimen name="w_1800">2400.0px</dimen>
<dimen name="w_1801">2401.33px</dimen>
<dimen name="w_1802">2402.66px</dimen>
<dimen name="w_1803">2404.0px</dimen>
<dimen name="w_1804">2405.33px</dimen>
<dimen name="w_1805">2406.66px</dimen>
<dimen name="w_1806">2408.0px</dimen>
<dimen name="w_1807">2409.33px</dimen>
<dimen name="w_1808">2410.66px</dimen>
<dimen name="w_1809">2412.0px</dimen>
<dimen name="w_1810">2413.33px</dimen>
<dimen name="w_1811">2414.66px</dimen>
<dimen name="w_1812">2416.0px</dimen>
<dimen name="w_1813">2417.33px</dimen>
<dimen name="w_1814">2418.66px</dimen>
<dimen name="w_1815">2420.0px</dimen>
<dimen name="w_1816">2421.33px</dimen>
<dimen name="w_1817">2422.66px</dimen>
<dimen name="w_1818">2424.0px</dimen>
<dimen name="w_1819">2425.33px</dimen>
<dimen name="w_1820">2426.66px</dimen>
<dimen name="w_1821">2428.0px</dimen>
<dimen name="w_1822">2429.33px</dimen>
<dimen name="w_1823">2430.66px</dimen>
<dimen name="w_1824">2432.0px</dimen>
<dimen name="w_1825">2433.33px</dimen>
<dimen name="w_1826">2434.66px</dimen>
<dimen name="w_1827">2436.0px</dimen>
<dimen name="w_1828">2437.33px</dimen>
<dimen name="w_1829">2438.66px</dimen>
<dimen name="w_1830">2440.0px</dimen>
<dimen name="w_1831">2441.33px</dimen>
<dimen name="w_1832">2442.66px</dimen>
<dimen name="w_1833">2444.0px</dimen>
<dimen name="w_1834">2445.33px</dimen>
<dimen name="w_1835">2446.66px</dimen>
<dimen name="w_1836">2448.0px</dimen>
<dimen name="w_1837">2449.33px</dimen>
<dimen name="w_1838">2450.66px</dimen>
<dimen name="w_1839">2452.0px</dimen>
<dimen name="w_1840">2453.33px</dimen>
<dimen name="w_1841">2454.66px</dimen>
<dimen name="w_1842">2456.0px</dimen>
<dimen name="w_1843">2457.33px</dimen>
<dimen name="w_1844">2458.66px</dimen>
<dimen name="w_1845">2460.0px</dimen>
<dimen name="w_1846">2461.33px</dimen>
<dimen name="w_1847">2462.66px</dimen>
<dimen name="w_1848">2464.0px</dimen>
<dimen name="w_1849">2465.33px</dimen>
<dimen name="w_1850">2466.66px</dimen>
<dimen name="w_1851">2468.0px</dimen>
<dimen name="w_1852">2469.33px</dimen>
<dimen name="w_1853">2470.66px</dimen>
<dimen name="w_1854">2472.0px</dimen>
<dimen name="w_1855">2473.33px</dimen>
<dimen name="w_1856">2474.66px</dimen>
<dimen name="w_1857">2476.0px</dimen>
<dimen name="w_1858">2477.33px</dimen>
<dimen name="w_1859">2478.66px</dimen>
<dimen name="w_1860">2480.0px</dimen>
<dimen name="w_1861">2481.33px</dimen>
<dimen name="w_1862">2482.66px</dimen>
<dimen name="w_1863">2484.0px</dimen>
<dimen name="w_1864">2485.33px</dimen>
<dimen name="w_1865">2486.66px</dimen>
<dimen name="w_1866">2488.0px</dimen>
<dimen name="w_1867">2489.33px</dimen>
<dimen name="w_1868">2490.66px</dimen>
<dimen name="w_1869">2492.0px</dimen>
<dimen name="w_1870">2493.33px</dimen>
<dimen name="w_1871">2494.66px</dimen>
<dimen name="w_1872">2496.0px</dimen>
<dimen name="w_1873">2497.33px</dimen>
<dimen name="w_1874">2498.66px</dimen>
<dimen name="w_1875">2500.0px</dimen>
<dimen name="w_1876">2501.33px</dimen>
<dimen name="w_1877">2502.66px</dimen>
<dimen name="w_1878">2504.0px</dimen>
<dimen name="w_1879">2505.33px</dimen>
<dimen name="w_1880">2506.66px</dimen>
<dimen name="w_1881">2508.0px</dimen>
<dimen name="w_1882">2509.33px</dimen>
<dimen name="w_1883">2510.66px</dimen>
<dimen name="w_1884">2512.0px</dimen>
<dimen name="w_1885">2513.33px</dimen>
<dimen name="w_1886">2514.66px</dimen>
<dimen name="w_1887">2516.0px</dimen>
<dimen name="w_1888">2517.33px</dimen>
<dimen name="w_1889">2518.66px</dimen>
<dimen name="w_1890">2520.0px</dimen>
<dimen name="w_1891">2521.33px</dimen>
<dimen name="w_1892">2522.66px</dimen>
<dimen name="w_1893">2524.0px</dimen>
<dimen name="w_1894">2525.33px</dimen>
<dimen name="w_1895">2526.66px</dimen>
<dimen name="w_1896">2528.0px</dimen>
<dimen name="w_1897">2529.33px</dimen>
<dimen name="w_1898">2530.66px</dimen>
<dimen name="w_1899">2532.0px</dimen>
<dimen name="w_1900">2533.33px</dimen>
<dimen name="w_1901">2534.66px</dimen>
<dimen name="w_1902">2536.0px</dimen>
<dimen name="w_1903">2537.33px</dimen>
<dimen name="w_1904">2538.66px</dimen>
<dimen name="w_1905">2540.0px</dimen>
<dimen name="w_1906">2541.33px</dimen>
<dimen name="w_1907">2542.66px</dimen>
<dimen name="w_1908">2544.0px</dimen>
<dimen name="w_1909">2545.33px</dimen>
<dimen name="w_1910">2546.66px</dimen>
<dimen name="w_1911">2548.0px</dimen>
<dimen name="w_1912">2549.33px</dimen>
<dimen name="w_1913">2550.66px</dimen>
<dimen name="w_1914">2552.0px</dimen>
<dimen name="w_1915">2553.33px</dimen>
<dimen name="w_1916">2554.66px</dimen>
<dimen name="w_1917">2556.0px</dimen>
<dimen name="w_1918">2557.33px</dimen>
<dimen name="w_1919">2558.66px</dimen>
<dimen name="w_1920">2560px</dimen>
</resources>