<?xml version="1.0" encoding="utf-8"?>
<resources><dimen name="h_1">0.69px</dimen>
<dimen name="h_2">1.39px</dimen>
<dimen name="h_3">2.09px</dimen>
<dimen name="h_4">2.79px</dimen>
<dimen name="h_5">3.48px</dimen>
<dimen name="h_6">4.18px</dimen>
<dimen name="h_7">4.88px</dimen>
<dimen name="h_8">5.58px</dimen>
<dimen name="h_9">6.27px</dimen>
<dimen name="h_10">6.97px</dimen>
<dimen name="h_11">7.67px</dimen>
<dimen name="h_12">8.37px</dimen>
<dimen name="h_13">9.06px</dimen>
<dimen name="h_14">9.76px</dimen>
<dimen name="h_15">10.46px</dimen>
<dimen name="h_16">11.16px</dimen>
<dimen name="h_17">11.86px</dimen>
<dimen name="h_18">12.55px</dimen>
<dimen name="h_19">13.25px</dimen>
<dimen name="h_20">13.95px</dimen>
<dimen name="h_21">14.65px</dimen>
<dimen name="h_22">15.34px</dimen>
<dimen name="h_23">16.04px</dimen>
<dimen name="h_24">16.74px</dimen>
<dimen name="h_25">17.44px</dimen>
<dimen name="h_26">18.13px</dimen>
<dimen name="h_27">18.83px</dimen>
<dimen name="h_28">19.53px</dimen>
<dimen name="h_29">20.23px</dimen>
<dimen name="h_30">20.93px</dimen>
<dimen name="h_31">21.62px</dimen>
<dimen name="h_32">22.32px</dimen>
<dimen name="h_33">23.02px</dimen>
<dimen name="h_34">23.72px</dimen>
<dimen name="h_35">24.41px</dimen>
<dimen name="h_36">25.11px</dimen>
<dimen name="h_37">25.81px</dimen>
<dimen name="h_38">26.51px</dimen>
<dimen name="h_39">27.2px</dimen>
<dimen name="h_40">27.9px</dimen>
<dimen name="h_41">28.6px</dimen>
<dimen name="h_42">29.3px</dimen>
<dimen name="h_43">29.99px</dimen>
<dimen name="h_44">30.69px</dimen>
<dimen name="h_45">31.39px</dimen>
<dimen name="h_46">32.09px</dimen>
<dimen name="h_47">32.79px</dimen>
<dimen name="h_48">33.48px</dimen>
<dimen name="h_49">34.18px</dimen>
<dimen name="h_50">34.88px</dimen>
<dimen name="h_51">35.58px</dimen>
<dimen name="h_52">36.27px</dimen>
<dimen name="h_53">36.97px</dimen>
<dimen name="h_54">37.67px</dimen>
<dimen name="h_55">38.37px</dimen>
<dimen name="h_56">39.06px</dimen>
<dimen name="h_57">39.76px</dimen>
<dimen name="h_58">40.46px</dimen>
<dimen name="h_59">41.16px</dimen>
<dimen name="h_60">41.86px</dimen>
<dimen name="h_61">42.55px</dimen>
<dimen name="h_62">43.25px</dimen>
<dimen name="h_63">43.95px</dimen>
<dimen name="h_64">44.65px</dimen>
<dimen name="h_65">45.34px</dimen>
<dimen name="h_66">46.04px</dimen>
<dimen name="h_67">46.74px</dimen>
<dimen name="h_68">47.44px</dimen>
<dimen name="h_69">48.13px</dimen>
<dimen name="h_70">48.83px</dimen>
<dimen name="h_71">49.53px</dimen>
<dimen name="h_72">50.23px</dimen>
<dimen name="h_73">50.93px</dimen>
<dimen name="h_74">51.62px</dimen>
<dimen name="h_75">52.32px</dimen>
<dimen name="h_76">53.02px</dimen>
<dimen name="h_77">53.72px</dimen>
<dimen name="h_78">54.41px</dimen>
<dimen name="h_79">55.11px</dimen>
<dimen name="h_80">55.81px</dimen>
<dimen name="h_81">56.51px</dimen>
<dimen name="h_82">57.2px</dimen>
<dimen name="h_83">57.9px</dimen>
<dimen name="h_84">58.6px</dimen>
<dimen name="h_85">59.3px</dimen>
<dimen name="h_86">59.99px</dimen>
<dimen name="h_87">60.69px</dimen>
<dimen name="h_88">61.39px</dimen>
<dimen name="h_89">62.09px</dimen>
<dimen name="h_90">62.79px</dimen>
<dimen name="h_91">63.48px</dimen>
<dimen name="h_92">64.18px</dimen>
<dimen name="h_93">64.88px</dimen>
<dimen name="h_94">65.58px</dimen>
<dimen name="h_95">66.27px</dimen>
<dimen name="h_96">66.97px</dimen>
<dimen name="h_97">67.67px</dimen>
<dimen name="h_98">68.37px</dimen>
<dimen name="h_99">69.06px</dimen>
<dimen name="h_100">69.76px</dimen>
<dimen name="h_101">70.46px</dimen>
<dimen name="h_102">71.16px</dimen>
<dimen name="h_103">71.86px</dimen>
<dimen name="h_104">72.55px</dimen>
<dimen name="h_105">73.25px</dimen>
<dimen name="h_106">73.95px</dimen>
<dimen name="h_107">74.65px</dimen>
<dimen name="h_108">75.34px</dimen>
<dimen name="h_109">76.04px</dimen>
<dimen name="h_110">76.74px</dimen>
<dimen name="h_111">77.44px</dimen>
<dimen name="h_112">78.13px</dimen>
<dimen name="h_113">78.83px</dimen>
<dimen name="h_114">79.53px</dimen>
<dimen name="h_115">80.23px</dimen>
<dimen name="h_116">80.93px</dimen>
<dimen name="h_117">81.62px</dimen>
<dimen name="h_118">82.32px</dimen>
<dimen name="h_119">83.02px</dimen>
<dimen name="h_120">83.72px</dimen>
<dimen name="h_121">84.41px</dimen>
<dimen name="h_122">85.11px</dimen>
<dimen name="h_123">85.81px</dimen>
<dimen name="h_124">86.51px</dimen>
<dimen name="h_125">87.2px</dimen>
<dimen name="h_126">87.9px</dimen>
<dimen name="h_127">88.6px</dimen>
<dimen name="h_128">89.3px</dimen>
<dimen name="h_129">90.0px</dimen>
<dimen name="h_130">90.69px</dimen>
<dimen name="h_131">91.39px</dimen>
<dimen name="h_132">92.09px</dimen>
<dimen name="h_133">92.79px</dimen>
<dimen name="h_134">93.48px</dimen>
<dimen name="h_135">94.18px</dimen>
<dimen name="h_136">94.88px</dimen>
<dimen name="h_137">95.58px</dimen>
<dimen name="h_138">96.27px</dimen>
<dimen name="h_139">96.97px</dimen>
<dimen name="h_140">97.67px</dimen>
<dimen name="h_141">98.37px</dimen>
<dimen name="h_142">99.06px</dimen>
<dimen name="h_143">99.76px</dimen>
<dimen name="h_144">100.46px</dimen>
<dimen name="h_145">101.16px</dimen>
<dimen name="h_146">101.86px</dimen>
<dimen name="h_147">102.55px</dimen>
<dimen name="h_148">103.25px</dimen>
<dimen name="h_149">103.95px</dimen>
<dimen name="h_150">104.65px</dimen>
<dimen name="h_151">105.34px</dimen>
<dimen name="h_152">106.04px</dimen>
<dimen name="h_153">106.74px</dimen>
<dimen name="h_154">107.44px</dimen>
<dimen name="h_155">108.13px</dimen>
<dimen name="h_156">108.83px</dimen>
<dimen name="h_157">109.53px</dimen>
<dimen name="h_158">110.23px</dimen>
<dimen name="h_159">110.93px</dimen>
<dimen name="h_160">111.62px</dimen>
<dimen name="h_161">112.32px</dimen>
<dimen name="h_162">113.02px</dimen>
<dimen name="h_163">113.72px</dimen>
<dimen name="h_164">114.41px</dimen>
<dimen name="h_165">115.11px</dimen>
<dimen name="h_166">115.81px</dimen>
<dimen name="h_167">116.51px</dimen>
<dimen name="h_168">117.2px</dimen>
<dimen name="h_169">117.9px</dimen>
<dimen name="h_170">118.6px</dimen>
<dimen name="h_171">119.3px</dimen>
<dimen name="h_172">119.99px</dimen>
<dimen name="h_173">120.69px</dimen>
<dimen name="h_174">121.39px</dimen>
<dimen name="h_175">122.09px</dimen>
<dimen name="h_176">122.79px</dimen>
<dimen name="h_177">123.48px</dimen>
<dimen name="h_178">124.18px</dimen>
<dimen name="h_179">124.88px</dimen>
<dimen name="h_180">125.58px</dimen>
<dimen name="h_181">126.27px</dimen>
<dimen name="h_182">126.97px</dimen>
<dimen name="h_183">127.67px</dimen>
<dimen name="h_184">128.37px</dimen>
<dimen name="h_185">129.06px</dimen>
<dimen name="h_186">129.76px</dimen>
<dimen name="h_187">130.46px</dimen>
<dimen name="h_188">131.16px</dimen>
<dimen name="h_189">131.86px</dimen>
<dimen name="h_190">132.55px</dimen>
<dimen name="h_191">133.25px</dimen>
<dimen name="h_192">133.95px</dimen>
<dimen name="h_193">134.65px</dimen>
<dimen name="h_194">135.34px</dimen>
<dimen name="h_195">136.04px</dimen>
<dimen name="h_196">136.74px</dimen>
<dimen name="h_197">137.44px</dimen>
<dimen name="h_198">138.13px</dimen>
<dimen name="h_199">138.83px</dimen>
<dimen name="h_200">139.53px</dimen>
<dimen name="h_201">140.23px</dimen>
<dimen name="h_202">140.93px</dimen>
<dimen name="h_203">141.62px</dimen>
<dimen name="h_204">142.32px</dimen>
<dimen name="h_205">143.02px</dimen>
<dimen name="h_206">143.72px</dimen>
<dimen name="h_207">144.41px</dimen>
<dimen name="h_208">145.11px</dimen>
<dimen name="h_209">145.81px</dimen>
<dimen name="h_210">146.51px</dimen>
<dimen name="h_211">147.2px</dimen>
<dimen name="h_212">147.9px</dimen>
<dimen name="h_213">148.6px</dimen>
<dimen name="h_214">149.3px</dimen>
<dimen name="h_215">150.0px</dimen>
<dimen name="h_216">150.69px</dimen>
<dimen name="h_217">151.39px</dimen>
<dimen name="h_218">152.09px</dimen>
<dimen name="h_219">152.79px</dimen>
<dimen name="h_220">153.48px</dimen>
<dimen name="h_221">154.18px</dimen>
<dimen name="h_222">154.88px</dimen>
<dimen name="h_223">155.58px</dimen>
<dimen name="h_224">156.27px</dimen>
<dimen name="h_225">156.97px</dimen>
<dimen name="h_226">157.67px</dimen>
<dimen name="h_227">158.37px</dimen>
<dimen name="h_228">159.06px</dimen>
<dimen name="h_229">159.76px</dimen>
<dimen name="h_230">160.46px</dimen>
<dimen name="h_231">161.16px</dimen>
<dimen name="h_232">161.86px</dimen>
<dimen name="h_233">162.55px</dimen>
<dimen name="h_234">163.25px</dimen>
<dimen name="h_235">163.95px</dimen>
<dimen name="h_236">164.65px</dimen>
<dimen name="h_237">165.34px</dimen>
<dimen name="h_238">166.04px</dimen>
<dimen name="h_239">166.74px</dimen>
<dimen name="h_240">167.44px</dimen>
<dimen name="h_241">168.13px</dimen>
<dimen name="h_242">168.83px</dimen>
<dimen name="h_243">169.53px</dimen>
<dimen name="h_244">170.23px</dimen>
<dimen name="h_245">170.93px</dimen>
<dimen name="h_246">171.62px</dimen>
<dimen name="h_247">172.32px</dimen>
<dimen name="h_248">173.02px</dimen>
<dimen name="h_249">173.72px</dimen>
<dimen name="h_250">174.41px</dimen>
<dimen name="h_251">175.11px</dimen>
<dimen name="h_252">175.81px</dimen>
<dimen name="h_253">176.51px</dimen>
<dimen name="h_254">177.2px</dimen>
<dimen name="h_255">177.9px</dimen>
<dimen name="h_256">178.6px</dimen>
<dimen name="h_257">179.3px</dimen>
<dimen name="h_258">180.0px</dimen>
<dimen name="h_259">180.69px</dimen>
<dimen name="h_260">181.39px</dimen>
<dimen name="h_261">182.09px</dimen>
<dimen name="h_262">182.79px</dimen>
<dimen name="h_263">183.48px</dimen>
<dimen name="h_264">184.18px</dimen>
<dimen name="h_265">184.88px</dimen>
<dimen name="h_266">185.58px</dimen>
<dimen name="h_267">186.27px</dimen>
<dimen name="h_268">186.97px</dimen>
<dimen name="h_269">187.67px</dimen>
<dimen name="h_270">188.37px</dimen>
<dimen name="h_271">189.06px</dimen>
<dimen name="h_272">189.76px</dimen>
<dimen name="h_273">190.46px</dimen>
<dimen name="h_274">191.16px</dimen>
<dimen name="h_275">191.86px</dimen>
<dimen name="h_276">192.55px</dimen>
<dimen name="h_277">193.25px</dimen>
<dimen name="h_278">193.95px</dimen>
<dimen name="h_279">194.65px</dimen>
<dimen name="h_280">195.34px</dimen>
<dimen name="h_281">196.04px</dimen>
<dimen name="h_282">196.74px</dimen>
<dimen name="h_283">197.44px</dimen>
<dimen name="h_284">198.13px</dimen>
<dimen name="h_285">198.83px</dimen>
<dimen name="h_286">199.53px</dimen>
<dimen name="h_287">200.23px</dimen>
<dimen name="h_288">200.93px</dimen>
<dimen name="h_289">201.62px</dimen>
<dimen name="h_290">202.32px</dimen>
<dimen name="h_291">203.02px</dimen>
<dimen name="h_292">203.72px</dimen>
<dimen name="h_293">204.41px</dimen>
<dimen name="h_294">205.11px</dimen>
<dimen name="h_295">205.81px</dimen>
<dimen name="h_296">206.51px</dimen>
<dimen name="h_297">207.2px</dimen>
<dimen name="h_298">207.9px</dimen>
<dimen name="h_299">208.6px</dimen>
<dimen name="h_300">209.3px</dimen>
<dimen name="h_301">210.0px</dimen>
<dimen name="h_302">210.69px</dimen>
<dimen name="h_303">211.39px</dimen>
<dimen name="h_304">212.09px</dimen>
<dimen name="h_305">212.79px</dimen>
<dimen name="h_306">213.48px</dimen>
<dimen name="h_307">214.18px</dimen>
<dimen name="h_308">214.88px</dimen>
<dimen name="h_309">215.58px</dimen>
<dimen name="h_310">216.27px</dimen>
<dimen name="h_311">216.97px</dimen>
<dimen name="h_312">217.67px</dimen>
<dimen name="h_313">218.37px</dimen>
<dimen name="h_314">219.06px</dimen>
<dimen name="h_315">219.76px</dimen>
<dimen name="h_316">220.46px</dimen>
<dimen name="h_317">221.16px</dimen>
<dimen name="h_318">221.86px</dimen>
<dimen name="h_319">222.55px</dimen>
<dimen name="h_320">223.25px</dimen>
<dimen name="h_321">223.95px</dimen>
<dimen name="h_322">224.65px</dimen>
<dimen name="h_323">225.34px</dimen>
<dimen name="h_324">226.04px</dimen>
<dimen name="h_325">226.74px</dimen>
<dimen name="h_326">227.44px</dimen>
<dimen name="h_327">228.13px</dimen>
<dimen name="h_328">228.83px</dimen>
<dimen name="h_329">229.53px</dimen>
<dimen name="h_330">230.23px</dimen>
<dimen name="h_331">230.93px</dimen>
<dimen name="h_332">231.62px</dimen>
<dimen name="h_333">232.32px</dimen>
<dimen name="h_334">233.02px</dimen>
<dimen name="h_335">233.72px</dimen>
<dimen name="h_336">234.41px</dimen>
<dimen name="h_337">235.11px</dimen>
<dimen name="h_338">235.81px</dimen>
<dimen name="h_339">236.51px</dimen>
<dimen name="h_340">237.2px</dimen>
<dimen name="h_341">237.9px</dimen>
<dimen name="h_342">238.6px</dimen>
<dimen name="h_343">239.3px</dimen>
<dimen name="h_344">239.99px</dimen>
<dimen name="h_345">240.69px</dimen>
<dimen name="h_346">241.39px</dimen>
<dimen name="h_347">242.09px</dimen>
<dimen name="h_348">242.79px</dimen>
<dimen name="h_349">243.48px</dimen>
<dimen name="h_350">244.18px</dimen>
<dimen name="h_351">244.88px</dimen>
<dimen name="h_352">245.58px</dimen>
<dimen name="h_353">246.27px</dimen>
<dimen name="h_354">246.97px</dimen>
<dimen name="h_355">247.67px</dimen>
<dimen name="h_356">248.37px</dimen>
<dimen name="h_357">249.06px</dimen>
<dimen name="h_358">249.76px</dimen>
<dimen name="h_359">250.46px</dimen>
<dimen name="h_360">251.16px</dimen>
<dimen name="h_361">251.86px</dimen>
<dimen name="h_362">252.55px</dimen>
<dimen name="h_363">253.25px</dimen>
<dimen name="h_364">253.95px</dimen>
<dimen name="h_365">254.65px</dimen>
<dimen name="h_366">255.34px</dimen>
<dimen name="h_367">256.04px</dimen>
<dimen name="h_368">256.74px</dimen>
<dimen name="h_369">257.44px</dimen>
<dimen name="h_370">258.13px</dimen>
<dimen name="h_371">258.83px</dimen>
<dimen name="h_372">259.53px</dimen>
<dimen name="h_373">260.23px</dimen>
<dimen name="h_374">260.93px</dimen>
<dimen name="h_375">261.62px</dimen>
<dimen name="h_376">262.32px</dimen>
<dimen name="h_377">263.02px</dimen>
<dimen name="h_378">263.72px</dimen>
<dimen name="h_379">264.41px</dimen>
<dimen name="h_380">265.11px</dimen>
<dimen name="h_381">265.81px</dimen>
<dimen name="h_382">266.51px</dimen>
<dimen name="h_383">267.2px</dimen>
<dimen name="h_384">267.9px</dimen>
<dimen name="h_385">268.6px</dimen>
<dimen name="h_386">269.3px</dimen>
<dimen name="h_387">270.0px</dimen>
<dimen name="h_388">270.69px</dimen>
<dimen name="h_389">271.39px</dimen>
<dimen name="h_390">272.09px</dimen>
<dimen name="h_391">272.79px</dimen>
<dimen name="h_392">273.48px</dimen>
<dimen name="h_393">274.18px</dimen>
<dimen name="h_394">274.88px</dimen>
<dimen name="h_395">275.58px</dimen>
<dimen name="h_396">276.27px</dimen>
<dimen name="h_397">276.97px</dimen>
<dimen name="h_398">277.67px</dimen>
<dimen name="h_399">278.37px</dimen>
<dimen name="h_400">279.06px</dimen>
<dimen name="h_401">279.76px</dimen>
<dimen name="h_402">280.46px</dimen>
<dimen name="h_403">281.16px</dimen>
<dimen name="h_404">281.86px</dimen>
<dimen name="h_405">282.55px</dimen>
<dimen name="h_406">283.25px</dimen>
<dimen name="h_407">283.95px</dimen>
<dimen name="h_408">284.65px</dimen>
<dimen name="h_409">285.34px</dimen>
<dimen name="h_410">286.04px</dimen>
<dimen name="h_411">286.74px</dimen>
<dimen name="h_412">287.44px</dimen>
<dimen name="h_413">288.13px</dimen>
<dimen name="h_414">288.83px</dimen>
<dimen name="h_415">289.53px</dimen>
<dimen name="h_416">290.23px</dimen>
<dimen name="h_417">290.93px</dimen>
<dimen name="h_418">291.62px</dimen>
<dimen name="h_419">292.32px</dimen>
<dimen name="h_420">293.02px</dimen>
<dimen name="h_421">293.72px</dimen>
<dimen name="h_422">294.41px</dimen>
<dimen name="h_423">295.11px</dimen>
<dimen name="h_424">295.81px</dimen>
<dimen name="h_425">296.51px</dimen>
<dimen name="h_426">297.2px</dimen>
<dimen name="h_427">297.9px</dimen>
<dimen name="h_428">298.6px</dimen>
<dimen name="h_429">299.3px</dimen>
<dimen name="h_430">300.0px</dimen>
<dimen name="h_431">300.69px</dimen>
<dimen name="h_432">301.39px</dimen>
<dimen name="h_433">302.09px</dimen>
<dimen name="h_434">302.79px</dimen>
<dimen name="h_435">303.48px</dimen>
<dimen name="h_436">304.18px</dimen>
<dimen name="h_437">304.88px</dimen>
<dimen name="h_438">305.58px</dimen>
<dimen name="h_439">306.27px</dimen>
<dimen name="h_440">306.97px</dimen>
<dimen name="h_441">307.67px</dimen>
<dimen name="h_442">308.37px</dimen>
<dimen name="h_443">309.06px</dimen>
<dimen name="h_444">309.76px</dimen>
<dimen name="h_445">310.46px</dimen>
<dimen name="h_446">311.16px</dimen>
<dimen name="h_447">311.86px</dimen>
<dimen name="h_448">312.55px</dimen>
<dimen name="h_449">313.25px</dimen>
<dimen name="h_450">313.95px</dimen>
<dimen name="h_451">314.65px</dimen>
<dimen name="h_452">315.34px</dimen>
<dimen name="h_453">316.04px</dimen>
<dimen name="h_454">316.74px</dimen>
<dimen name="h_455">317.44px</dimen>
<dimen name="h_456">318.13px</dimen>
<dimen name="h_457">318.83px</dimen>
<dimen name="h_458">319.53px</dimen>
<dimen name="h_459">320.23px</dimen>
<dimen name="h_460">320.93px</dimen>
<dimen name="h_461">321.62px</dimen>
<dimen name="h_462">322.32px</dimen>
<dimen name="h_463">323.02px</dimen>
<dimen name="h_464">323.72px</dimen>
<dimen name="h_465">324.41px</dimen>
<dimen name="h_466">325.11px</dimen>
<dimen name="h_467">325.81px</dimen>
<dimen name="h_468">326.51px</dimen>
<dimen name="h_469">327.2px</dimen>
<dimen name="h_470">327.9px</dimen>
<dimen name="h_471">328.6px</dimen>
<dimen name="h_472">329.3px</dimen>
<dimen name="h_473">330.0px</dimen>
<dimen name="h_474">330.69px</dimen>
<dimen name="h_475">331.39px</dimen>
<dimen name="h_476">332.09px</dimen>
<dimen name="h_477">332.79px</dimen>
<dimen name="h_478">333.48px</dimen>
<dimen name="h_479">334.18px</dimen>
<dimen name="h_480">334.88px</dimen>
<dimen name="h_481">335.58px</dimen>
<dimen name="h_482">336.27px</dimen>
<dimen name="h_483">336.97px</dimen>
<dimen name="h_484">337.67px</dimen>
<dimen name="h_485">338.37px</dimen>
<dimen name="h_486">339.06px</dimen>
<dimen name="h_487">339.76px</dimen>
<dimen name="h_488">340.46px</dimen>
<dimen name="h_489">341.16px</dimen>
<dimen name="h_490">341.86px</dimen>
<dimen name="h_491">342.55px</dimen>
<dimen name="h_492">343.25px</dimen>
<dimen name="h_493">343.95px</dimen>
<dimen name="h_494">344.65px</dimen>
<dimen name="h_495">345.34px</dimen>
<dimen name="h_496">346.04px</dimen>
<dimen name="h_497">346.74px</dimen>
<dimen name="h_498">347.44px</dimen>
<dimen name="h_499">348.13px</dimen>
<dimen name="h_500">348.83px</dimen>
<dimen name="h_501">349.53px</dimen>
<dimen name="h_502">350.23px</dimen>
<dimen name="h_503">350.93px</dimen>
<dimen name="h_504">351.62px</dimen>
<dimen name="h_505">352.32px</dimen>
<dimen name="h_506">353.02px</dimen>
<dimen name="h_507">353.72px</dimen>
<dimen name="h_508">354.41px</dimen>
<dimen name="h_509">355.11px</dimen>
<dimen name="h_510">355.81px</dimen>
<dimen name="h_511">356.51px</dimen>
<dimen name="h_512">357.2px</dimen>
<dimen name="h_513">357.9px</dimen>
<dimen name="h_514">358.6px</dimen>
<dimen name="h_515">359.3px</dimen>
<dimen name="h_516">360.0px</dimen>
<dimen name="h_517">360.69px</dimen>
<dimen name="h_518">361.39px</dimen>
<dimen name="h_519">362.09px</dimen>
<dimen name="h_520">362.79px</dimen>
<dimen name="h_521">363.48px</dimen>
<dimen name="h_522">364.18px</dimen>
<dimen name="h_523">364.88px</dimen>
<dimen name="h_524">365.58px</dimen>
<dimen name="h_525">366.27px</dimen>
<dimen name="h_526">366.97px</dimen>
<dimen name="h_527">367.67px</dimen>
<dimen name="h_528">368.37px</dimen>
<dimen name="h_529">369.06px</dimen>
<dimen name="h_530">369.76px</dimen>
<dimen name="h_531">370.46px</dimen>
<dimen name="h_532">371.16px</dimen>
<dimen name="h_533">371.86px</dimen>
<dimen name="h_534">372.55px</dimen>
<dimen name="h_535">373.25px</dimen>
<dimen name="h_536">373.95px</dimen>
<dimen name="h_537">374.65px</dimen>
<dimen name="h_538">375.34px</dimen>
<dimen name="h_539">376.04px</dimen>
<dimen name="h_540">376.74px</dimen>
<dimen name="h_541">377.44px</dimen>
<dimen name="h_542">378.13px</dimen>
<dimen name="h_543">378.83px</dimen>
<dimen name="h_544">379.53px</dimen>
<dimen name="h_545">380.23px</dimen>
<dimen name="h_546">380.93px</dimen>
<dimen name="h_547">381.62px</dimen>
<dimen name="h_548">382.32px</dimen>
<dimen name="h_549">383.02px</dimen>
<dimen name="h_550">383.72px</dimen>
<dimen name="h_551">384.41px</dimen>
<dimen name="h_552">385.11px</dimen>
<dimen name="h_553">385.81px</dimen>
<dimen name="h_554">386.51px</dimen>
<dimen name="h_555">387.2px</dimen>
<dimen name="h_556">387.9px</dimen>
<dimen name="h_557">388.6px</dimen>
<dimen name="h_558">389.3px</dimen>
<dimen name="h_559">390.0px</dimen>
<dimen name="h_560">390.69px</dimen>
<dimen name="h_561">391.39px</dimen>
<dimen name="h_562">392.09px</dimen>
<dimen name="h_563">392.79px</dimen>
<dimen name="h_564">393.48px</dimen>
<dimen name="h_565">394.18px</dimen>
<dimen name="h_566">394.88px</dimen>
<dimen name="h_567">395.58px</dimen>
<dimen name="h_568">396.27px</dimen>
<dimen name="h_569">396.97px</dimen>
<dimen name="h_570">397.67px</dimen>
<dimen name="h_571">398.37px</dimen>
<dimen name="h_572">399.06px</dimen>
<dimen name="h_573">399.76px</dimen>
<dimen name="h_574">400.46px</dimen>
<dimen name="h_575">401.16px</dimen>
<dimen name="h_576">401.86px</dimen>
<dimen name="h_577">402.55px</dimen>
<dimen name="h_578">403.25px</dimen>
<dimen name="h_579">403.95px</dimen>
<dimen name="h_580">404.65px</dimen>
<dimen name="h_581">405.34px</dimen>
<dimen name="h_582">406.04px</dimen>
<dimen name="h_583">406.74px</dimen>
<dimen name="h_584">407.44px</dimen>
<dimen name="h_585">408.13px</dimen>
<dimen name="h_586">408.83px</dimen>
<dimen name="h_587">409.53px</dimen>
<dimen name="h_588">410.23px</dimen>
<dimen name="h_589">410.93px</dimen>
<dimen name="h_590">411.62px</dimen>
<dimen name="h_591">412.32px</dimen>
<dimen name="h_592">413.02px</dimen>
<dimen name="h_593">413.72px</dimen>
<dimen name="h_594">414.41px</dimen>
<dimen name="h_595">415.11px</dimen>
<dimen name="h_596">415.81px</dimen>
<dimen name="h_597">416.51px</dimen>
<dimen name="h_598">417.2px</dimen>
<dimen name="h_599">417.9px</dimen>
<dimen name="h_600">418.6px</dimen>
<dimen name="h_601">419.3px</dimen>
<dimen name="h_602">420.0px</dimen>
<dimen name="h_603">420.69px</dimen>
<dimen name="h_604">421.39px</dimen>
<dimen name="h_605">422.09px</dimen>
<dimen name="h_606">422.79px</dimen>
<dimen name="h_607">423.48px</dimen>
<dimen name="h_608">424.18px</dimen>
<dimen name="h_609">424.88px</dimen>
<dimen name="h_610">425.58px</dimen>
<dimen name="h_611">426.27px</dimen>
<dimen name="h_612">426.97px</dimen>
<dimen name="h_613">427.67px</dimen>
<dimen name="h_614">428.37px</dimen>
<dimen name="h_615">429.06px</dimen>
<dimen name="h_616">429.76px</dimen>
<dimen name="h_617">430.46px</dimen>
<dimen name="h_618">431.16px</dimen>
<dimen name="h_619">431.86px</dimen>
<dimen name="h_620">432.55px</dimen>
<dimen name="h_621">433.25px</dimen>
<dimen name="h_622">433.95px</dimen>
<dimen name="h_623">434.65px</dimen>
<dimen name="h_624">435.34px</dimen>
<dimen name="h_625">436.04px</dimen>
<dimen name="h_626">436.74px</dimen>
<dimen name="h_627">437.44px</dimen>
<dimen name="h_628">438.13px</dimen>
<dimen name="h_629">438.83px</dimen>
<dimen name="h_630">439.53px</dimen>
<dimen name="h_631">440.23px</dimen>
<dimen name="h_632">440.93px</dimen>
<dimen name="h_633">441.62px</dimen>
<dimen name="h_634">442.32px</dimen>
<dimen name="h_635">443.02px</dimen>
<dimen name="h_636">443.72px</dimen>
<dimen name="h_637">444.41px</dimen>
<dimen name="h_638">445.11px</dimen>
<dimen name="h_639">445.81px</dimen>
<dimen name="h_640">446.51px</dimen>
<dimen name="h_641">447.2px</dimen>
<dimen name="h_642">447.9px</dimen>
<dimen name="h_643">448.6px</dimen>
<dimen name="h_644">449.3px</dimen>
<dimen name="h_645">449.99px</dimen>
<dimen name="h_646">450.69px</dimen>
<dimen name="h_647">451.39px</dimen>
<dimen name="h_648">452.09px</dimen>
<dimen name="h_649">452.79px</dimen>
<dimen name="h_650">453.48px</dimen>
<dimen name="h_651">454.18px</dimen>
<dimen name="h_652">454.88px</dimen>
<dimen name="h_653">455.58px</dimen>
<dimen name="h_654">456.27px</dimen>
<dimen name="h_655">456.97px</dimen>
<dimen name="h_656">457.67px</dimen>
<dimen name="h_657">458.37px</dimen>
<dimen name="h_658">459.06px</dimen>
<dimen name="h_659">459.76px</dimen>
<dimen name="h_660">460.46px</dimen>
<dimen name="h_661">461.16px</dimen>
<dimen name="h_662">461.86px</dimen>
<dimen name="h_663">462.55px</dimen>
<dimen name="h_664">463.25px</dimen>
<dimen name="h_665">463.95px</dimen>
<dimen name="h_666">464.65px</dimen>
<dimen name="h_667">465.34px</dimen>
<dimen name="h_668">466.04px</dimen>
<dimen name="h_669">466.74px</dimen>
<dimen name="h_670">467.44px</dimen>
<dimen name="h_671">468.13px</dimen>
<dimen name="h_672">468.83px</dimen>
<dimen name="h_673">469.53px</dimen>
<dimen name="h_674">470.23px</dimen>
<dimen name="h_675">470.93px</dimen>
<dimen name="h_676">471.62px</dimen>
<dimen name="h_677">472.32px</dimen>
<dimen name="h_678">473.02px</dimen>
<dimen name="h_679">473.72px</dimen>
<dimen name="h_680">474.41px</dimen>
<dimen name="h_681">475.11px</dimen>
<dimen name="h_682">475.81px</dimen>
<dimen name="h_683">476.51px</dimen>
<dimen name="h_684">477.2px</dimen>
<dimen name="h_685">477.9px</dimen>
<dimen name="h_686">478.6px</dimen>
<dimen name="h_687">479.3px</dimen>
<dimen name="h_688">479.99px</dimen>
<dimen name="h_689">480.69px</dimen>
<dimen name="h_690">481.39px</dimen>
<dimen name="h_691">482.09px</dimen>
<dimen name="h_692">482.79px</dimen>
<dimen name="h_693">483.48px</dimen>
<dimen name="h_694">484.18px</dimen>
<dimen name="h_695">484.88px</dimen>
<dimen name="h_696">485.58px</dimen>
<dimen name="h_697">486.27px</dimen>
<dimen name="h_698">486.97px</dimen>
<dimen name="h_699">487.67px</dimen>
<dimen name="h_700">488.37px</dimen>
<dimen name="h_701">489.06px</dimen>
<dimen name="h_702">489.76px</dimen>
<dimen name="h_703">490.46px</dimen>
<dimen name="h_704">491.16px</dimen>
<dimen name="h_705">491.86px</dimen>
<dimen name="h_706">492.55px</dimen>
<dimen name="h_707">493.25px</dimen>
<dimen name="h_708">493.95px</dimen>
<dimen name="h_709">494.65px</dimen>
<dimen name="h_710">495.34px</dimen>
<dimen name="h_711">496.04px</dimen>
<dimen name="h_712">496.74px</dimen>
<dimen name="h_713">497.44px</dimen>
<dimen name="h_714">498.13px</dimen>
<dimen name="h_715">498.83px</dimen>
<dimen name="h_716">499.53px</dimen>
<dimen name="h_717">500.23px</dimen>
<dimen name="h_718">500.93px</dimen>
<dimen name="h_719">501.62px</dimen>
<dimen name="h_720">502.32px</dimen>
<dimen name="h_721">503.02px</dimen>
<dimen name="h_722">503.72px</dimen>
<dimen name="h_723">504.41px</dimen>
<dimen name="h_724">505.11px</dimen>
<dimen name="h_725">505.81px</dimen>
<dimen name="h_726">506.51px</dimen>
<dimen name="h_727">507.2px</dimen>
<dimen name="h_728">507.9px</dimen>
<dimen name="h_729">508.6px</dimen>
<dimen name="h_730">509.3px</dimen>
<dimen name="h_731">509.99px</dimen>
<dimen name="h_732">510.69px</dimen>
<dimen name="h_733">511.39px</dimen>
<dimen name="h_734">512.09px</dimen>
<dimen name="h_735">512.79px</dimen>
<dimen name="h_736">513.48px</dimen>
<dimen name="h_737">514.18px</dimen>
<dimen name="h_738">514.88px</dimen>
<dimen name="h_739">515.58px</dimen>
<dimen name="h_740">516.27px</dimen>
<dimen name="h_741">516.97px</dimen>
<dimen name="h_742">517.67px</dimen>
<dimen name="h_743">518.37px</dimen>
<dimen name="h_744">519.06px</dimen>
<dimen name="h_745">519.76px</dimen>
<dimen name="h_746">520.46px</dimen>
<dimen name="h_747">521.16px</dimen>
<dimen name="h_748">521.86px</dimen>
<dimen name="h_749">522.55px</dimen>
<dimen name="h_750">523.25px</dimen>
<dimen name="h_751">523.95px</dimen>
<dimen name="h_752">524.65px</dimen>
<dimen name="h_753">525.34px</dimen>
<dimen name="h_754">526.04px</dimen>
<dimen name="h_755">526.74px</dimen>
<dimen name="h_756">527.44px</dimen>
<dimen name="h_757">528.13px</dimen>
<dimen name="h_758">528.83px</dimen>
<dimen name="h_759">529.53px</dimen>
<dimen name="h_760">530.23px</dimen>
<dimen name="h_761">530.93px</dimen>
<dimen name="h_762">531.62px</dimen>
<dimen name="h_763">532.32px</dimen>
<dimen name="h_764">533.02px</dimen>
<dimen name="h_765">533.72px</dimen>
<dimen name="h_766">534.41px</dimen>
<dimen name="h_767">535.11px</dimen>
<dimen name="h_768">535.81px</dimen>
<dimen name="h_769">536.51px</dimen>
<dimen name="h_770">537.2px</dimen>
<dimen name="h_771">537.9px</dimen>
<dimen name="h_772">538.6px</dimen>
<dimen name="h_773">539.3px</dimen>
<dimen name="h_774">540.0px</dimen>
<dimen name="h_775">540.69px</dimen>
<dimen name="h_776">541.39px</dimen>
<dimen name="h_777">542.09px</dimen>
<dimen name="h_778">542.79px</dimen>
<dimen name="h_779">543.48px</dimen>
<dimen name="h_780">544.18px</dimen>
<dimen name="h_781">544.88px</dimen>
<dimen name="h_782">545.58px</dimen>
<dimen name="h_783">546.27px</dimen>
<dimen name="h_784">546.97px</dimen>
<dimen name="h_785">547.67px</dimen>
<dimen name="h_786">548.37px</dimen>
<dimen name="h_787">549.06px</dimen>
<dimen name="h_788">549.76px</dimen>
<dimen name="h_789">550.46px</dimen>
<dimen name="h_790">551.16px</dimen>
<dimen name="h_791">551.86px</dimen>
<dimen name="h_792">552.55px</dimen>
<dimen name="h_793">553.25px</dimen>
<dimen name="h_794">553.95px</dimen>
<dimen name="h_795">554.65px</dimen>
<dimen name="h_796">555.34px</dimen>
<dimen name="h_797">556.04px</dimen>
<dimen name="h_798">556.74px</dimen>
<dimen name="h_799">557.44px</dimen>
<dimen name="h_800">558.13px</dimen>
<dimen name="h_801">558.83px</dimen>
<dimen name="h_802">559.53px</dimen>
<dimen name="h_803">560.23px</dimen>
<dimen name="h_804">560.93px</dimen>
<dimen name="h_805">561.62px</dimen>
<dimen name="h_806">562.32px</dimen>
<dimen name="h_807">563.02px</dimen>
<dimen name="h_808">563.72px</dimen>
<dimen name="h_809">564.41px</dimen>
<dimen name="h_810">565.11px</dimen>
<dimen name="h_811">565.81px</dimen>
<dimen name="h_812">566.51px</dimen>
<dimen name="h_813">567.2px</dimen>
<dimen name="h_814">567.9px</dimen>
<dimen name="h_815">568.6px</dimen>
<dimen name="h_816">569.3px</dimen>
<dimen name="h_817">570.0px</dimen>
<dimen name="h_818">570.69px</dimen>
<dimen name="h_819">571.39px</dimen>
<dimen name="h_820">572.09px</dimen>
<dimen name="h_821">572.79px</dimen>
<dimen name="h_822">573.48px</dimen>
<dimen name="h_823">574.18px</dimen>
<dimen name="h_824">574.88px</dimen>
<dimen name="h_825">575.58px</dimen>
<dimen name="h_826">576.27px</dimen>
<dimen name="h_827">576.97px</dimen>
<dimen name="h_828">577.67px</dimen>
<dimen name="h_829">578.37px</dimen>
<dimen name="h_830">579.06px</dimen>
<dimen name="h_831">579.76px</dimen>
<dimen name="h_832">580.46px</dimen>
<dimen name="h_833">581.16px</dimen>
<dimen name="h_834">581.86px</dimen>
<dimen name="h_835">582.55px</dimen>
<dimen name="h_836">583.25px</dimen>
<dimen name="h_837">583.95px</dimen>
<dimen name="h_838">584.65px</dimen>
<dimen name="h_839">585.34px</dimen>
<dimen name="h_840">586.04px</dimen>
<dimen name="h_841">586.74px</dimen>
<dimen name="h_842">587.44px</dimen>
<dimen name="h_843">588.13px</dimen>
<dimen name="h_844">588.83px</dimen>
<dimen name="h_845">589.53px</dimen>
<dimen name="h_846">590.23px</dimen>
<dimen name="h_847">590.93px</dimen>
<dimen name="h_848">591.62px</dimen>
<dimen name="h_849">592.32px</dimen>
<dimen name="h_850">593.02px</dimen>
<dimen name="h_851">593.72px</dimen>
<dimen name="h_852">594.41px</dimen>
<dimen name="h_853">595.11px</dimen>
<dimen name="h_854">595.81px</dimen>
<dimen name="h_855">596.51px</dimen>
<dimen name="h_856">597.2px</dimen>
<dimen name="h_857">597.9px</dimen>
<dimen name="h_858">598.6px</dimen>
<dimen name="h_859">599.3px</dimen>
<dimen name="h_860">600.0px</dimen>
<dimen name="h_861">600.69px</dimen>
<dimen name="h_862">601.39px</dimen>
<dimen name="h_863">602.09px</dimen>
<dimen name="h_864">602.79px</dimen>
<dimen name="h_865">603.48px</dimen>
<dimen name="h_866">604.18px</dimen>
<dimen name="h_867">604.88px</dimen>
<dimen name="h_868">605.58px</dimen>
<dimen name="h_869">606.27px</dimen>
<dimen name="h_870">606.97px</dimen>
<dimen name="h_871">607.67px</dimen>
<dimen name="h_872">608.37px</dimen>
<dimen name="h_873">609.06px</dimen>
<dimen name="h_874">609.76px</dimen>
<dimen name="h_875">610.46px</dimen>
<dimen name="h_876">611.16px</dimen>
<dimen name="h_877">611.86px</dimen>
<dimen name="h_878">612.55px</dimen>
<dimen name="h_879">613.25px</dimen>
<dimen name="h_880">613.95px</dimen>
<dimen name="h_881">614.65px</dimen>
<dimen name="h_882">615.34px</dimen>
<dimen name="h_883">616.04px</dimen>
<dimen name="h_884">616.74px</dimen>
<dimen name="h_885">617.44px</dimen>
<dimen name="h_886">618.13px</dimen>
<dimen name="h_887">618.83px</dimen>
<dimen name="h_888">619.53px</dimen>
<dimen name="h_889">620.23px</dimen>
<dimen name="h_890">620.93px</dimen>
<dimen name="h_891">621.62px</dimen>
<dimen name="h_892">622.32px</dimen>
<dimen name="h_893">623.02px</dimen>
<dimen name="h_894">623.72px</dimen>
<dimen name="h_895">624.41px</dimen>
<dimen name="h_896">625.11px</dimen>
<dimen name="h_897">625.81px</dimen>
<dimen name="h_898">626.51px</dimen>
<dimen name="h_899">627.2px</dimen>
<dimen name="h_900">627.9px</dimen>
<dimen name="h_901">628.6px</dimen>
<dimen name="h_902">629.3px</dimen>
<dimen name="h_903">630.0px</dimen>
<dimen name="h_904">630.69px</dimen>
<dimen name="h_905">631.39px</dimen>
<dimen name="h_906">632.09px</dimen>
<dimen name="h_907">632.79px</dimen>
<dimen name="h_908">633.48px</dimen>
<dimen name="h_909">634.18px</dimen>
<dimen name="h_910">634.88px</dimen>
<dimen name="h_911">635.58px</dimen>
<dimen name="h_912">636.27px</dimen>
<dimen name="h_913">636.97px</dimen>
<dimen name="h_914">637.67px</dimen>
<dimen name="h_915">638.37px</dimen>
<dimen name="h_916">639.06px</dimen>
<dimen name="h_917">639.76px</dimen>
<dimen name="h_918">640.46px</dimen>
<dimen name="h_919">641.16px</dimen>
<dimen name="h_920">641.86px</dimen>
<dimen name="h_921">642.55px</dimen>
<dimen name="h_922">643.25px</dimen>
<dimen name="h_923">643.95px</dimen>
<dimen name="h_924">644.65px</dimen>
<dimen name="h_925">645.34px</dimen>
<dimen name="h_926">646.04px</dimen>
<dimen name="h_927">646.74px</dimen>
<dimen name="h_928">647.44px</dimen>
<dimen name="h_929">648.13px</dimen>
<dimen name="h_930">648.83px</dimen>
<dimen name="h_931">649.53px</dimen>
<dimen name="h_932">650.23px</dimen>
<dimen name="h_933">650.93px</dimen>
<dimen name="h_934">651.62px</dimen>
<dimen name="h_935">652.32px</dimen>
<dimen name="h_936">653.02px</dimen>
<dimen name="h_937">653.72px</dimen>
<dimen name="h_938">654.41px</dimen>
<dimen name="h_939">655.11px</dimen>
<dimen name="h_940">655.81px</dimen>
<dimen name="h_941">656.51px</dimen>
<dimen name="h_942">657.2px</dimen>
<dimen name="h_943">657.9px</dimen>
<dimen name="h_944">658.6px</dimen>
<dimen name="h_945">659.3px</dimen>
<dimen name="h_946">660.0px</dimen>
<dimen name="h_947">660.69px</dimen>
<dimen name="h_948">661.39px</dimen>
<dimen name="h_949">662.09px</dimen>
<dimen name="h_950">662.79px</dimen>
<dimen name="h_951">663.48px</dimen>
<dimen name="h_952">664.18px</dimen>
<dimen name="h_953">664.88px</dimen>
<dimen name="h_954">665.58px</dimen>
<dimen name="h_955">666.27px</dimen>
<dimen name="h_956">666.97px</dimen>
<dimen name="h_957">667.67px</dimen>
<dimen name="h_958">668.37px</dimen>
<dimen name="h_959">669.06px</dimen>
<dimen name="h_960">669.76px</dimen>
<dimen name="h_961">670.46px</dimen>
<dimen name="h_962">671.16px</dimen>
<dimen name="h_963">671.86px</dimen>
<dimen name="h_964">672.55px</dimen>
<dimen name="h_965">673.25px</dimen>
<dimen name="h_966">673.95px</dimen>
<dimen name="h_967">674.65px</dimen>
<dimen name="h_968">675.34px</dimen>
<dimen name="h_969">676.04px</dimen>
<dimen name="h_970">676.74px</dimen>
<dimen name="h_971">677.44px</dimen>
<dimen name="h_972">678.13px</dimen>
<dimen name="h_973">678.83px</dimen>
<dimen name="h_974">679.53px</dimen>
<dimen name="h_975">680.23px</dimen>
<dimen name="h_976">680.93px</dimen>
<dimen name="h_977">681.62px</dimen>
<dimen name="h_978">682.32px</dimen>
<dimen name="h_979">683.02px</dimen>
<dimen name="h_980">683.72px</dimen>
<dimen name="h_981">684.41px</dimen>
<dimen name="h_982">685.11px</dimen>
<dimen name="h_983">685.81px</dimen>
<dimen name="h_984">686.51px</dimen>
<dimen name="h_985">687.2px</dimen>
<dimen name="h_986">687.9px</dimen>
<dimen name="h_987">688.6px</dimen>
<dimen name="h_988">689.3px</dimen>
<dimen name="h_989">690.0px</dimen>
<dimen name="h_990">690.69px</dimen>
<dimen name="h_991">691.39px</dimen>
<dimen name="h_992">692.09px</dimen>
<dimen name="h_993">692.79px</dimen>
<dimen name="h_994">693.48px</dimen>
<dimen name="h_995">694.18px</dimen>
<dimen name="h_996">694.88px</dimen>
<dimen name="h_997">695.58px</dimen>
<dimen name="h_998">696.27px</dimen>
<dimen name="h_999">696.97px</dimen>
<dimen name="h_1000">697.67px</dimen>
<dimen name="h_1001">698.37px</dimen>
<dimen name="h_1002">699.06px</dimen>
<dimen name="h_1003">699.76px</dimen>
<dimen name="h_1004">700.46px</dimen>
<dimen name="h_1005">701.16px</dimen>
<dimen name="h_1006">701.86px</dimen>
<dimen name="h_1007">702.55px</dimen>
<dimen name="h_1008">703.25px</dimen>
<dimen name="h_1009">703.95px</dimen>
<dimen name="h_1010">704.65px</dimen>
<dimen name="h_1011">705.34px</dimen>
<dimen name="h_1012">706.04px</dimen>
<dimen name="h_1013">706.74px</dimen>
<dimen name="h_1014">707.44px</dimen>
<dimen name="h_1015">708.13px</dimen>
<dimen name="h_1016">708.83px</dimen>
<dimen name="h_1017">709.53px</dimen>
<dimen name="h_1018">710.23px</dimen>
<dimen name="h_1019">710.93px</dimen>
<dimen name="h_1020">711.62px</dimen>
<dimen name="h_1021">712.32px</dimen>
<dimen name="h_1022">713.02px</dimen>
<dimen name="h_1023">713.72px</dimen>
<dimen name="h_1024">714.41px</dimen>
<dimen name="h_1025">715.11px</dimen>
<dimen name="h_1026">715.81px</dimen>
<dimen name="h_1027">716.51px</dimen>
<dimen name="h_1028">717.2px</dimen>
<dimen name="h_1029">717.9px</dimen>
<dimen name="h_1030">718.6px</dimen>
<dimen name="h_1031">719.3px</dimen>
<dimen name="h_1032">720px</dimen>
</resources>