<?xml version="1.0" encoding="utf-8"?>
<resources>
<dimen name="w_1">0.66px</dimen>
<dimen name="w_2">1.33px</dimen>
<dimen name="w_3">2.0px</dimen>
<dimen name="w_4">2.66px</dimen>
<dimen name="w_5">3.33px</dimen>
<dimen name="w_6">4.0px</dimen>
<dimen name="w_7">4.66px</dimen>
<dimen name="w_8">5.33px</dimen>
<dimen name="w_9">6.0px</dimen>
<dimen name="w_10">6.66px</dimen>
<dimen name="w_11">7.33px</dimen>
<dimen name="w_12">8.0px</dimen>
<dimen name="w_13">8.66px</dimen>
<dimen name="w_14">9.33px</dimen>
<dimen name="w_15">10.0px</dimen>
<dimen name="w_16">10.66px</dimen>
<dimen name="w_17">11.33px</dimen>
<dimen name="w_18">12.0px</dimen>
<dimen name="w_19">12.66px</dimen>
<dimen name="w_20">13.33px</dimen>
<dimen name="w_21">14.0px</dimen>
<dimen name="w_22">14.66px</dimen>
<dimen name="w_23">15.33px</dimen>
<dimen name="w_24">16.0px</dimen>
<dimen name="w_25">16.66px</dimen>
<dimen name="w_26">17.33px</dimen>
<dimen name="w_27">18.0px</dimen>
<dimen name="w_28">18.66px</dimen>
<dimen name="w_29">19.33px</dimen>
<dimen name="w_30">20.0px</dimen>
<dimen name="w_31">20.66px</dimen>
<dimen name="w_32">21.33px</dimen>
<dimen name="w_33">22.0px</dimen>
<dimen name="w_34">22.66px</dimen>
<dimen name="w_35">23.33px</dimen>
<dimen name="w_36">24.0px</dimen>
<dimen name="w_37">24.66px</dimen>
<dimen name="w_38">25.33px</dimen>
<dimen name="w_39">26.0px</dimen>
<dimen name="w_40">26.66px</dimen>
<dimen name="w_41">27.33px</dimen>
<dimen name="w_42">28.0px</dimen>
<dimen name="w_43">28.66px</dimen>
<dimen name="w_44">29.33px</dimen>
<dimen name="w_45">30.0px</dimen>
<dimen name="w_46">30.66px</dimen>
<dimen name="w_47">31.33px</dimen>
<dimen name="w_48">32.0px</dimen>
<dimen name="w_49">32.66px</dimen>
<dimen name="w_50">33.33px</dimen>
<dimen name="w_51">34.0px</dimen>
<dimen name="w_52">34.66px</dimen>
<dimen name="w_53">35.33px</dimen>
<dimen name="w_54">36.0px</dimen>
<dimen name="w_55">36.66px</dimen>
<dimen name="w_56">37.33px</dimen>
<dimen name="w_57">38.0px</dimen>
<dimen name="w_58">38.66px</dimen>
<dimen name="w_59">39.33px</dimen>
<dimen name="w_60">40.0px</dimen>
<dimen name="w_61">40.66px</dimen>
<dimen name="w_62">41.33px</dimen>
<dimen name="w_63">42.0px</dimen>
<dimen name="w_64">42.66px</dimen>
<dimen name="w_65">43.33px</dimen>
<dimen name="w_66">44.0px</dimen>
<dimen name="w_67">44.66px</dimen>
<dimen name="w_68">45.33px</dimen>
<dimen name="w_69">46.0px</dimen>
<dimen name="w_70">46.66px</dimen>
<dimen name="w_71">47.33px</dimen>
<dimen name="w_72">48.0px</dimen>
<dimen name="w_73">48.66px</dimen>
<dimen name="w_74">49.33px</dimen>
<dimen name="w_75">50.0px</dimen>
<dimen name="w_76">50.66px</dimen>
<dimen name="w_77">51.33px</dimen>
<dimen name="w_78">52.0px</dimen>
<dimen name="w_79">52.66px</dimen>
<dimen name="w_80">53.33px</dimen>
<dimen name="w_81">54.0px</dimen>
<dimen name="w_82">54.66px</dimen>
<dimen name="w_83">55.33px</dimen>
<dimen name="w_84">56.0px</dimen>
<dimen name="w_85">56.66px</dimen>
<dimen name="w_86">57.33px</dimen>
<dimen name="w_87">58.0px</dimen>
<dimen name="w_88">58.66px</dimen>
<dimen name="w_89">59.33px</dimen>
<dimen name="w_90">60.0px</dimen>
<dimen name="w_91">60.66px</dimen>
<dimen name="w_92">61.33px</dimen>
<dimen name="w_93">62.0px</dimen>
<dimen name="w_94">62.66px</dimen>
<dimen name="w_95">63.33px</dimen>
<dimen name="w_96">64.0px</dimen>
<dimen name="w_97">64.66px</dimen>
<dimen name="w_98">65.33px</dimen>
<dimen name="w_99">66.0px</dimen>
<dimen name="w_100">66.66px</dimen>
<dimen name="w_101">67.33px</dimen>
<dimen name="w_102">68.0px</dimen>
<dimen name="w_103">68.66px</dimen>
<dimen name="w_104">69.33px</dimen>
<dimen name="w_105">70.0px</dimen>
<dimen name="w_106">70.66px</dimen>
<dimen name="w_107">71.33px</dimen>
<dimen name="w_108">72.0px</dimen>
<dimen name="w_109">72.66px</dimen>
<dimen name="w_110">73.33px</dimen>
<dimen name="w_111">74.0px</dimen>
<dimen name="w_112">74.66px</dimen>
<dimen name="w_113">75.33px</dimen>
<dimen name="w_114">76.0px</dimen>
<dimen name="w_115">76.66px</dimen>
<dimen name="w_116">77.33px</dimen>
<dimen name="w_117">78.0px</dimen>
<dimen name="w_118">78.66px</dimen>
<dimen name="w_119">79.33px</dimen>
<dimen name="w_120">80.0px</dimen>
<dimen name="w_121">80.66px</dimen>
<dimen name="w_122">81.33px</dimen>
<dimen name="w_123">82.0px</dimen>
<dimen name="w_124">82.66px</dimen>
<dimen name="w_125">83.33px</dimen>
<dimen name="w_126">84.0px</dimen>
<dimen name="w_127">84.66px</dimen>
<dimen name="w_128">85.33px</dimen>
<dimen name="w_129">86.0px</dimen>
<dimen name="w_130">86.66px</dimen>
<dimen name="w_131">87.33px</dimen>
<dimen name="w_132">88.0px</dimen>
<dimen name="w_133">88.66px</dimen>
<dimen name="w_134">89.33px</dimen>
<dimen name="w_135">90.0px</dimen>
<dimen name="w_136">90.66px</dimen>
<dimen name="w_137">91.33px</dimen>
<dimen name="w_138">92.0px</dimen>
<dimen name="w_139">92.66px</dimen>
<dimen name="w_140">93.33px</dimen>
<dimen name="w_141">94.0px</dimen>
<dimen name="w_142">94.66px</dimen>
<dimen name="w_143">95.33px</dimen>
<dimen name="w_144">96.0px</dimen>
<dimen name="w_145">96.66px</dimen>
<dimen name="w_146">97.33px</dimen>
<dimen name="w_147">98.0px</dimen>
<dimen name="w_148">98.66px</dimen>
<dimen name="w_149">99.33px</dimen>
<dimen name="w_150">100.0px</dimen>
<dimen name="w_151">100.66px</dimen>
<dimen name="w_152">101.33px</dimen>
<dimen name="w_153">102.0px</dimen>
<dimen name="w_154">102.66px</dimen>
<dimen name="w_155">103.33px</dimen>
<dimen name="w_156">104.0px</dimen>
<dimen name="w_157">104.66px</dimen>
<dimen name="w_158">105.33px</dimen>
<dimen name="w_159">106.0px</dimen>
<dimen name="w_160">106.66px</dimen>
<dimen name="w_161">107.33px</dimen>
<dimen name="w_162">108.0px</dimen>
<dimen name="w_163">108.66px</dimen>
<dimen name="w_164">109.33px</dimen>
<dimen name="w_165">110.0px</dimen>
<dimen name="w_166">110.66px</dimen>
<dimen name="w_167">111.33px</dimen>
<dimen name="w_168">112.0px</dimen>
<dimen name="w_169">112.66px</dimen>
<dimen name="w_170">113.33px</dimen>
<dimen name="w_171">114.0px</dimen>
<dimen name="w_172">114.66px</dimen>
<dimen name="w_173">115.33px</dimen>
<dimen name="w_174">116.0px</dimen>
<dimen name="w_175">116.66px</dimen>
<dimen name="w_176">117.33px</dimen>
<dimen name="w_177">118.0px</dimen>
<dimen name="w_178">118.66px</dimen>
<dimen name="w_179">119.33px</dimen>
<dimen name="w_180">120.0px</dimen>
<dimen name="w_181">120.66px</dimen>
<dimen name="w_182">121.33px</dimen>
<dimen name="w_183">122.0px</dimen>
<dimen name="w_184">122.66px</dimen>
<dimen name="w_185">123.33px</dimen>
<dimen name="w_186">124.0px</dimen>
<dimen name="w_187">124.66px</dimen>
<dimen name="w_188">125.33px</dimen>
<dimen name="w_189">126.0px</dimen>
<dimen name="w_190">126.66px</dimen>
<dimen name="w_191">127.33px</dimen>
<dimen name="w_192">128.0px</dimen>
<dimen name="w_193">128.66px</dimen>
<dimen name="w_194">129.33px</dimen>
<dimen name="w_195">130.0px</dimen>
<dimen name="w_196">130.66px</dimen>
<dimen name="w_197">131.33px</dimen>
<dimen name="w_198">132.0px</dimen>
<dimen name="w_199">132.66px</dimen>
<dimen name="w_200">133.33px</dimen>
<dimen name="w_201">134.0px</dimen>
<dimen name="w_202">134.66px</dimen>
<dimen name="w_203">135.33px</dimen>
<dimen name="w_204">136.0px</dimen>
<dimen name="w_205">136.66px</dimen>
<dimen name="w_206">137.33px</dimen>
<dimen name="w_207">138.0px</dimen>
<dimen name="w_208">138.66px</dimen>
<dimen name="w_209">139.33px</dimen>
<dimen name="w_210">140.0px</dimen>
<dimen name="w_211">140.66px</dimen>
<dimen name="w_212">141.33px</dimen>
<dimen name="w_213">142.0px</dimen>
<dimen name="w_214">142.66px</dimen>
<dimen name="w_215">143.33px</dimen>
<dimen name="w_216">144.0px</dimen>
<dimen name="w_217">144.66px</dimen>
<dimen name="w_218">145.33px</dimen>
<dimen name="w_219">146.0px</dimen>
<dimen name="w_220">146.66px</dimen>
<dimen name="w_221">147.33px</dimen>
<dimen name="w_222">148.0px</dimen>
<dimen name="w_223">148.66px</dimen>
<dimen name="w_224">149.33px</dimen>
<dimen name="w_225">150.0px</dimen>
<dimen name="w_226">150.66px</dimen>
<dimen name="w_227">151.33px</dimen>
<dimen name="w_228">152.0px</dimen>
<dimen name="w_229">152.66px</dimen>
<dimen name="w_230">153.33px</dimen>
<dimen name="w_231">154.0px</dimen>
<dimen name="w_232">154.66px</dimen>
<dimen name="w_233">155.33px</dimen>
<dimen name="w_234">156.0px</dimen>
<dimen name="w_235">156.66px</dimen>
<dimen name="w_236">157.33px</dimen>
<dimen name="w_237">158.0px</dimen>
<dimen name="w_238">158.66px</dimen>
<dimen name="w_239">159.33px</dimen>
<dimen name="w_240">160.0px</dimen>
<dimen name="w_241">160.66px</dimen>
<dimen name="w_242">161.33px</dimen>
<dimen name="w_243">162.0px</dimen>
<dimen name="w_244">162.66px</dimen>
<dimen name="w_245">163.33px</dimen>
<dimen name="w_246">164.0px</dimen>
<dimen name="w_247">164.66px</dimen>
<dimen name="w_248">165.33px</dimen>
<dimen name="w_249">166.0px</dimen>
<dimen name="w_250">166.66px</dimen>
<dimen name="w_251">167.33px</dimen>
<dimen name="w_252">168.0px</dimen>
<dimen name="w_253">168.66px</dimen>
<dimen name="w_254">169.33px</dimen>
<dimen name="w_255">170.0px</dimen>
<dimen name="w_256">170.66px</dimen>
<dimen name="w_257">171.33px</dimen>
<dimen name="w_258">172.0px</dimen>
<dimen name="w_259">172.66px</dimen>
<dimen name="w_260">173.33px</dimen>
<dimen name="w_261">174.0px</dimen>
<dimen name="w_262">174.66px</dimen>
<dimen name="w_263">175.33px</dimen>
<dimen name="w_264">176.0px</dimen>
<dimen name="w_265">176.66px</dimen>
<dimen name="w_266">177.33px</dimen>
<dimen name="w_267">178.0px</dimen>
<dimen name="w_268">178.66px</dimen>
<dimen name="w_269">179.33px</dimen>
<dimen name="w_270">180.0px</dimen>
<dimen name="w_271">180.66px</dimen>
<dimen name="w_272">181.33px</dimen>
<dimen name="w_273">182.0px</dimen>
<dimen name="w_274">182.66px</dimen>
<dimen name="w_275">183.33px</dimen>
<dimen name="w_276">184.0px</dimen>
<dimen name="w_277">184.66px</dimen>
<dimen name="w_278">185.33px</dimen>
<dimen name="w_279">186.0px</dimen>
<dimen name="w_280">186.66px</dimen>
<dimen name="w_281">187.33px</dimen>
<dimen name="w_282">188.0px</dimen>
<dimen name="w_283">188.66px</dimen>
<dimen name="w_284">189.33px</dimen>
<dimen name="w_285">190.0px</dimen>
<dimen name="w_286">190.66px</dimen>
<dimen name="w_287">191.33px</dimen>
<dimen name="w_288">192.0px</dimen>
<dimen name="w_289">192.66px</dimen>
<dimen name="w_290">193.33px</dimen>
<dimen name="w_291">194.0px</dimen>
<dimen name="w_292">194.66px</dimen>
<dimen name="w_293">195.33px</dimen>
<dimen name="w_294">196.0px</dimen>
<dimen name="w_295">196.66px</dimen>
<dimen name="w_296">197.33px</dimen>
<dimen name="w_297">198.0px</dimen>
<dimen name="w_298">198.66px</dimen>
<dimen name="w_299">199.33px</dimen>
<dimen name="w_300">200.0px</dimen>
<dimen name="w_301">200.66px</dimen>
<dimen name="w_302">201.33px</dimen>
<dimen name="w_303">202.0px</dimen>
<dimen name="w_304">202.66px</dimen>
<dimen name="w_305">203.33px</dimen>
<dimen name="w_306">204.0px</dimen>
<dimen name="w_307">204.66px</dimen>
<dimen name="w_308">205.33px</dimen>
<dimen name="w_309">206.0px</dimen>
<dimen name="w_310">206.66px</dimen>
<dimen name="w_311">207.33px</dimen>
<dimen name="w_312">208.0px</dimen>
<dimen name="w_313">208.66px</dimen>
<dimen name="w_314">209.33px</dimen>
<dimen name="w_315">210.0px</dimen>
<dimen name="w_316">210.66px</dimen>
<dimen name="w_317">211.33px</dimen>
<dimen name="w_318">212.0px</dimen>
<dimen name="w_319">212.66px</dimen>
<dimen name="w_320">213.33px</dimen>
<dimen name="w_321">214.0px</dimen>
<dimen name="w_322">214.66px</dimen>
<dimen name="w_323">215.33px</dimen>
<dimen name="w_324">216.0px</dimen>
<dimen name="w_325">216.66px</dimen>
<dimen name="w_326">217.33px</dimen>
<dimen name="w_327">218.0px</dimen>
<dimen name="w_328">218.66px</dimen>
<dimen name="w_329">219.33px</dimen>
<dimen name="w_330">220.0px</dimen>
<dimen name="w_331">220.66px</dimen>
<dimen name="w_332">221.33px</dimen>
<dimen name="w_333">222.0px</dimen>
<dimen name="w_334">222.66px</dimen>
<dimen name="w_335">223.33px</dimen>
<dimen name="w_336">224.0px</dimen>
<dimen name="w_337">224.66px</dimen>
<dimen name="w_338">225.33px</dimen>
<dimen name="w_339">226.0px</dimen>
<dimen name="w_340">226.66px</dimen>
<dimen name="w_341">227.33px</dimen>
<dimen name="w_342">228.0px</dimen>
<dimen name="w_343">228.66px</dimen>
<dimen name="w_344">229.33px</dimen>
<dimen name="w_345">230.0px</dimen>
<dimen name="w_346">230.66px</dimen>
<dimen name="w_347">231.33px</dimen>
<dimen name="w_348">232.0px</dimen>
<dimen name="w_349">232.66px</dimen>
<dimen name="w_350">233.33px</dimen>
<dimen name="w_351">234.0px</dimen>
<dimen name="w_352">234.66px</dimen>
<dimen name="w_353">235.33px</dimen>
<dimen name="w_354">236.0px</dimen>
<dimen name="w_355">236.66px</dimen>
<dimen name="w_356">237.33px</dimen>
<dimen name="w_357">238.0px</dimen>
<dimen name="w_358">238.66px</dimen>
<dimen name="w_359">239.33px</dimen>
<dimen name="w_360">240.0px</dimen>
<dimen name="w_361">240.66px</dimen>
<dimen name="w_362">241.33px</dimen>
<dimen name="w_363">242.0px</dimen>
<dimen name="w_364">242.66px</dimen>
<dimen name="w_365">243.33px</dimen>
<dimen name="w_366">244.0px</dimen>
<dimen name="w_367">244.66px</dimen>
<dimen name="w_368">245.33px</dimen>
<dimen name="w_369">246.0px</dimen>
<dimen name="w_370">246.66px</dimen>
<dimen name="w_371">247.33px</dimen>
<dimen name="w_372">248.0px</dimen>
<dimen name="w_373">248.66px</dimen>
<dimen name="w_374">249.33px</dimen>
<dimen name="w_375">250.0px</dimen>
<dimen name="w_376">250.66px</dimen>
<dimen name="w_377">251.33px</dimen>
<dimen name="w_378">252.0px</dimen>
<dimen name="w_379">252.66px</dimen>
<dimen name="w_380">253.33px</dimen>
<dimen name="w_381">254.0px</dimen>
<dimen name="w_382">254.66px</dimen>
<dimen name="w_383">255.33px</dimen>
<dimen name="w_384">256.0px</dimen>
<dimen name="w_385">256.66px</dimen>
<dimen name="w_386">257.33px</dimen>
<dimen name="w_387">258.0px</dimen>
<dimen name="w_388">258.66px</dimen>
<dimen name="w_389">259.33px</dimen>
<dimen name="w_390">260.0px</dimen>
<dimen name="w_391">260.66px</dimen>
<dimen name="w_392">261.33px</dimen>
<dimen name="w_393">262.0px</dimen>
<dimen name="w_394">262.66px</dimen>
<dimen name="w_395">263.33px</dimen>
<dimen name="w_396">264.0px</dimen>
<dimen name="w_397">264.66px</dimen>
<dimen name="w_398">265.33px</dimen>
<dimen name="w_399">266.0px</dimen>
<dimen name="w_400">266.66px</dimen>
<dimen name="w_401">267.33px</dimen>
<dimen name="w_402">268.0px</dimen>
<dimen name="w_403">268.66px</dimen>
<dimen name="w_404">269.33px</dimen>
<dimen name="w_405">270.0px</dimen>
<dimen name="w_406">270.66px</dimen>
<dimen name="w_407">271.33px</dimen>
<dimen name="w_408">272.0px</dimen>
<dimen name="w_409">272.66px</dimen>
<dimen name="w_410">273.33px</dimen>
<dimen name="w_411">274.0px</dimen>
<dimen name="w_412">274.66px</dimen>
<dimen name="w_413">275.33px</dimen>
<dimen name="w_414">276.0px</dimen>
<dimen name="w_415">276.66px</dimen>
<dimen name="w_416">277.33px</dimen>
<dimen name="w_417">278.0px</dimen>
<dimen name="w_418">278.66px</dimen>
<dimen name="w_419">279.33px</dimen>
<dimen name="w_420">280.0px</dimen>
<dimen name="w_421">280.66px</dimen>
<dimen name="w_422">281.33px</dimen>
<dimen name="w_423">282.0px</dimen>
<dimen name="w_424">282.66px</dimen>
<dimen name="w_425">283.33px</dimen>
<dimen name="w_426">284.0px</dimen>
<dimen name="w_427">284.66px</dimen>
<dimen name="w_428">285.33px</dimen>
<dimen name="w_429">286.0px</dimen>
<dimen name="w_430">286.66px</dimen>
<dimen name="w_431">287.33px</dimen>
<dimen name="w_432">288.0px</dimen>
<dimen name="w_433">288.66px</dimen>
<dimen name="w_434">289.33px</dimen>
<dimen name="w_435">290.0px</dimen>
<dimen name="w_436">290.66px</dimen>
<dimen name="w_437">291.33px</dimen>
<dimen name="w_438">292.0px</dimen>
<dimen name="w_439">292.66px</dimen>
<dimen name="w_440">293.33px</dimen>
<dimen name="w_441">294.0px</dimen>
<dimen name="w_442">294.66px</dimen>
<dimen name="w_443">295.33px</dimen>
<dimen name="w_444">296.0px</dimen>
<dimen name="w_445">296.66px</dimen>
<dimen name="w_446">297.33px</dimen>
<dimen name="w_447">298.0px</dimen>
<dimen name="w_448">298.66px</dimen>
<dimen name="w_449">299.33px</dimen>
<dimen name="w_450">300.0px</dimen>
<dimen name="w_451">300.66px</dimen>
<dimen name="w_452">301.33px</dimen>
<dimen name="w_453">302.0px</dimen>
<dimen name="w_454">302.66px</dimen>
<dimen name="w_455">303.33px</dimen>
<dimen name="w_456">304.0px</dimen>
<dimen name="w_457">304.66px</dimen>
<dimen name="w_458">305.33px</dimen>
<dimen name="w_459">306.0px</dimen>
<dimen name="w_460">306.66px</dimen>
<dimen name="w_461">307.33px</dimen>
<dimen name="w_462">308.0px</dimen>
<dimen name="w_463">308.66px</dimen>
<dimen name="w_464">309.33px</dimen>
<dimen name="w_465">310.0px</dimen>
<dimen name="w_466">310.66px</dimen>
<dimen name="w_467">311.33px</dimen>
<dimen name="w_468">312.0px</dimen>
<dimen name="w_469">312.66px</dimen>
<dimen name="w_470">313.33px</dimen>
<dimen name="w_471">314.0px</dimen>
<dimen name="w_472">314.66px</dimen>
<dimen name="w_473">315.33px</dimen>
<dimen name="w_474">316.0px</dimen>
<dimen name="w_475">316.66px</dimen>
<dimen name="w_476">317.33px</dimen>
<dimen name="w_477">318.0px</dimen>
<dimen name="w_478">318.66px</dimen>
<dimen name="w_479">319.33px</dimen>
<dimen name="w_480">320.0px</dimen>
<dimen name="w_481">320.66px</dimen>
<dimen name="w_482">321.33px</dimen>
<dimen name="w_483">322.0px</dimen>
<dimen name="w_484">322.66px</dimen>
<dimen name="w_485">323.33px</dimen>
<dimen name="w_486">324.0px</dimen>
<dimen name="w_487">324.66px</dimen>
<dimen name="w_488">325.33px</dimen>
<dimen name="w_489">326.0px</dimen>
<dimen name="w_490">326.66px</dimen>
<dimen name="w_491">327.33px</dimen>
<dimen name="w_492">328.0px</dimen>
<dimen name="w_493">328.66px</dimen>
<dimen name="w_494">329.33px</dimen>
<dimen name="w_495">330.0px</dimen>
<dimen name="w_496">330.66px</dimen>
<dimen name="w_497">331.33px</dimen>
<dimen name="w_498">332.0px</dimen>
<dimen name="w_499">332.66px</dimen>
<dimen name="w_500">333.33px</dimen>
<dimen name="w_501">334.0px</dimen>
<dimen name="w_502">334.66px</dimen>
<dimen name="w_503">335.33px</dimen>
<dimen name="w_504">336.0px</dimen>
<dimen name="w_505">336.66px</dimen>
<dimen name="w_506">337.33px</dimen>
<dimen name="w_507">338.0px</dimen>
<dimen name="w_508">338.66px</dimen>
<dimen name="w_509">339.33px</dimen>
<dimen name="w_510">340.0px</dimen>
<dimen name="w_511">340.66px</dimen>
<dimen name="w_512">341.33px</dimen>
<dimen name="w_513">342.0px</dimen>
<dimen name="w_514">342.66px</dimen>
<dimen name="w_515">343.33px</dimen>
<dimen name="w_516">344.0px</dimen>
<dimen name="w_517">344.66px</dimen>
<dimen name="w_518">345.33px</dimen>
<dimen name="w_519">346.0px</dimen>
<dimen name="w_520">346.66px</dimen>
<dimen name="w_521">347.33px</dimen>
<dimen name="w_522">348.0px</dimen>
<dimen name="w_523">348.66px</dimen>
<dimen name="w_524">349.33px</dimen>
<dimen name="w_525">350.0px</dimen>
<dimen name="w_526">350.66px</dimen>
<dimen name="w_527">351.33px</dimen>
<dimen name="w_528">352.0px</dimen>
<dimen name="w_529">352.66px</dimen>
<dimen name="w_530">353.33px</dimen>
<dimen name="w_531">354.0px</dimen>
<dimen name="w_532">354.66px</dimen>
<dimen name="w_533">355.33px</dimen>
<dimen name="w_534">356.0px</dimen>
<dimen name="w_535">356.66px</dimen>
<dimen name="w_536">357.33px</dimen>
<dimen name="w_537">358.0px</dimen>
<dimen name="w_538">358.66px</dimen>
<dimen name="w_539">359.33px</dimen>
<dimen name="w_540">360.0px</dimen>
<dimen name="w_541">360.66px</dimen>
<dimen name="w_542">361.33px</dimen>
<dimen name="w_543">362.0px</dimen>
<dimen name="w_544">362.66px</dimen>
<dimen name="w_545">363.33px</dimen>
<dimen name="w_546">364.0px</dimen>
<dimen name="w_547">364.66px</dimen>
<dimen name="w_548">365.33px</dimen>
<dimen name="w_549">366.0px</dimen>
<dimen name="w_550">366.66px</dimen>
<dimen name="w_551">367.33px</dimen>
<dimen name="w_552">368.0px</dimen>
<dimen name="w_553">368.66px</dimen>
<dimen name="w_554">369.33px</dimen>
<dimen name="w_555">370.0px</dimen>
<dimen name="w_556">370.66px</dimen>
<dimen name="w_557">371.33px</dimen>
<dimen name="w_558">372.0px</dimen>
<dimen name="w_559">372.66px</dimen>
<dimen name="w_560">373.33px</dimen>
<dimen name="w_561">374.0px</dimen>
<dimen name="w_562">374.66px</dimen>
<dimen name="w_563">375.33px</dimen>
<dimen name="w_564">376.0px</dimen>
<dimen name="w_565">376.66px</dimen>
<dimen name="w_566">377.33px</dimen>
<dimen name="w_567">378.0px</dimen>
<dimen name="w_568">378.66px</dimen>
<dimen name="w_569">379.33px</dimen>
<dimen name="w_570">380.0px</dimen>
<dimen name="w_571">380.66px</dimen>
<dimen name="w_572">381.33px</dimen>
<dimen name="w_573">382.0px</dimen>
<dimen name="w_574">382.66px</dimen>
<dimen name="w_575">383.33px</dimen>
<dimen name="w_576">384.0px</dimen>
<dimen name="w_577">384.66px</dimen>
<dimen name="w_578">385.33px</dimen>
<dimen name="w_579">386.0px</dimen>
<dimen name="w_580">386.66px</dimen>
<dimen name="w_581">387.33px</dimen>
<dimen name="w_582">388.0px</dimen>
<dimen name="w_583">388.66px</dimen>
<dimen name="w_584">389.33px</dimen>
<dimen name="w_585">390.0px</dimen>
<dimen name="w_586">390.66px</dimen>
<dimen name="w_587">391.33px</dimen>
<dimen name="w_588">392.0px</dimen>
<dimen name="w_589">392.66px</dimen>
<dimen name="w_590">393.33px</dimen>
<dimen name="w_591">394.0px</dimen>
<dimen name="w_592">394.66px</dimen>
<dimen name="w_593">395.33px</dimen>
<dimen name="w_594">396.0px</dimen>
<dimen name="w_595">396.66px</dimen>
<dimen name="w_596">397.33px</dimen>
<dimen name="w_597">398.0px</dimen>
<dimen name="w_598">398.66px</dimen>
<dimen name="w_599">399.33px</dimen>
<dimen name="w_600">400.0px</dimen>
<dimen name="w_601">400.66px</dimen>
<dimen name="w_602">401.33px</dimen>
<dimen name="w_603">402.0px</dimen>
<dimen name="w_604">402.66px</dimen>
<dimen name="w_605">403.33px</dimen>
<dimen name="w_606">404.0px</dimen>
<dimen name="w_607">404.66px</dimen>
<dimen name="w_608">405.33px</dimen>
<dimen name="w_609">406.0px</dimen>
<dimen name="w_610">406.66px</dimen>
<dimen name="w_611">407.33px</dimen>
<dimen name="w_612">408.0px</dimen>
<dimen name="w_613">408.66px</dimen>
<dimen name="w_614">409.33px</dimen>
<dimen name="w_615">410.0px</dimen>
<dimen name="w_616">410.66px</dimen>
<dimen name="w_617">411.33px</dimen>
<dimen name="w_618">412.0px</dimen>
<dimen name="w_619">412.66px</dimen>
<dimen name="w_620">413.33px</dimen>
<dimen name="w_621">414.0px</dimen>
<dimen name="w_622">414.66px</dimen>
<dimen name="w_623">415.33px</dimen>
<dimen name="w_624">416.0px</dimen>
<dimen name="w_625">416.66px</dimen>
<dimen name="w_626">417.33px</dimen>
<dimen name="w_627">418.0px</dimen>
<dimen name="w_628">418.66px</dimen>
<dimen name="w_629">419.33px</dimen>
<dimen name="w_630">420.0px</dimen>
<dimen name="w_631">420.66px</dimen>
<dimen name="w_632">421.33px</dimen>
<dimen name="w_633">422.0px</dimen>
<dimen name="w_634">422.66px</dimen>
<dimen name="w_635">423.33px</dimen>
<dimen name="w_636">424.0px</dimen>
<dimen name="w_637">424.66px</dimen>
<dimen name="w_638">425.33px</dimen>
<dimen name="w_639">426.0px</dimen>
<dimen name="w_640">426.66px</dimen>
<dimen name="w_641">427.33px</dimen>
<dimen name="w_642">428.0px</dimen>
<dimen name="w_643">428.66px</dimen>
<dimen name="w_644">429.33px</dimen>
<dimen name="w_645">430.0px</dimen>
<dimen name="w_646">430.66px</dimen>
<dimen name="w_647">431.33px</dimen>
<dimen name="w_648">432.0px</dimen>
<dimen name="w_649">432.66px</dimen>
<dimen name="w_650">433.33px</dimen>
<dimen name="w_651">434.0px</dimen>
<dimen name="w_652">434.66px</dimen>
<dimen name="w_653">435.33px</dimen>
<dimen name="w_654">436.0px</dimen>
<dimen name="w_655">436.66px</dimen>
<dimen name="w_656">437.33px</dimen>
<dimen name="w_657">438.0px</dimen>
<dimen name="w_658">438.66px</dimen>
<dimen name="w_659">439.33px</dimen>
<dimen name="w_660">440.0px</dimen>
<dimen name="w_661">440.66px</dimen>
<dimen name="w_662">441.33px</dimen>
<dimen name="w_663">442.0px</dimen>
<dimen name="w_664">442.66px</dimen>
<dimen name="w_665">443.33px</dimen>
<dimen name="w_666">444.0px</dimen>
<dimen name="w_667">444.66px</dimen>
<dimen name="w_668">445.33px</dimen>
<dimen name="w_669">446.0px</dimen>
<dimen name="w_670">446.66px</dimen>
<dimen name="w_671">447.33px</dimen>
<dimen name="w_672">448.0px</dimen>
<dimen name="w_673">448.66px</dimen>
<dimen name="w_674">449.33px</dimen>
<dimen name="w_675">450.0px</dimen>
<dimen name="w_676">450.66px</dimen>
<dimen name="w_677">451.33px</dimen>
<dimen name="w_678">452.0px</dimen>
<dimen name="w_679">452.66px</dimen>
<dimen name="w_680">453.33px</dimen>
<dimen name="w_681">454.0px</dimen>
<dimen name="w_682">454.66px</dimen>
<dimen name="w_683">455.33px</dimen>
<dimen name="w_684">456.0px</dimen>
<dimen name="w_685">456.66px</dimen>
<dimen name="w_686">457.33px</dimen>
<dimen name="w_687">458.0px</dimen>
<dimen name="w_688">458.66px</dimen>
<dimen name="w_689">459.33px</dimen>
<dimen name="w_690">460.0px</dimen>
<dimen name="w_691">460.66px</dimen>
<dimen name="w_692">461.33px</dimen>
<dimen name="w_693">462.0px</dimen>
<dimen name="w_694">462.66px</dimen>
<dimen name="w_695">463.33px</dimen>
<dimen name="w_696">464.0px</dimen>
<dimen name="w_697">464.66px</dimen>
<dimen name="w_698">465.33px</dimen>
<dimen name="w_699">466.0px</dimen>
<dimen name="w_700">466.66px</dimen>
<dimen name="w_701">467.33px</dimen>
<dimen name="w_702">468.0px</dimen>
<dimen name="w_703">468.66px</dimen>
<dimen name="w_704">469.33px</dimen>
<dimen name="w_705">470.0px</dimen>
<dimen name="w_706">470.66px</dimen>
<dimen name="w_707">471.33px</dimen>
<dimen name="w_708">472.0px</dimen>
<dimen name="w_709">472.66px</dimen>
<dimen name="w_710">473.33px</dimen>
<dimen name="w_711">474.0px</dimen>
<dimen name="w_712">474.66px</dimen>
<dimen name="w_713">475.33px</dimen>
<dimen name="w_714">476.0px</dimen>
<dimen name="w_715">476.66px</dimen>
<dimen name="w_716">477.33px</dimen>
<dimen name="w_717">478.0px</dimen>
<dimen name="w_718">478.66px</dimen>
<dimen name="w_719">479.33px</dimen>
<dimen name="w_720">480.0px</dimen>
<dimen name="w_721">480.66px</dimen>
<dimen name="w_722">481.33px</dimen>
<dimen name="w_723">482.0px</dimen>
<dimen name="w_724">482.66px</dimen>
<dimen name="w_725">483.33px</dimen>
<dimen name="w_726">484.0px</dimen>
<dimen name="w_727">484.66px</dimen>
<dimen name="w_728">485.33px</dimen>
<dimen name="w_729">486.0px</dimen>
<dimen name="w_730">486.66px</dimen>
<dimen name="w_731">487.33px</dimen>
<dimen name="w_732">488.0px</dimen>
<dimen name="w_733">488.66px</dimen>
<dimen name="w_734">489.33px</dimen>
<dimen name="w_735">490.0px</dimen>
<dimen name="w_736">490.66px</dimen>
<dimen name="w_737">491.33px</dimen>
<dimen name="w_738">492.0px</dimen>
<dimen name="w_739">492.66px</dimen>
<dimen name="w_740">493.33px</dimen>
<dimen name="w_741">494.0px</dimen>
<dimen name="w_742">494.66px</dimen>
<dimen name="w_743">495.33px</dimen>
<dimen name="w_744">496.0px</dimen>
<dimen name="w_745">496.66px</dimen>
<dimen name="w_746">497.33px</dimen>
<dimen name="w_747">498.0px</dimen>
<dimen name="w_748">498.66px</dimen>
<dimen name="w_749">499.33px</dimen>
<dimen name="w_750">500.0px</dimen>
<dimen name="w_751">500.66px</dimen>
<dimen name="w_752">501.33px</dimen>
<dimen name="w_753">502.0px</dimen>
<dimen name="w_754">502.66px</dimen>
<dimen name="w_755">503.33px</dimen>
<dimen name="w_756">504.0px</dimen>
<dimen name="w_757">504.66px</dimen>
<dimen name="w_758">505.33px</dimen>
<dimen name="w_759">506.0px</dimen>
<dimen name="w_760">506.66px</dimen>
<dimen name="w_761">507.33px</dimen>
<dimen name="w_762">508.0px</dimen>
<dimen name="w_763">508.66px</dimen>
<dimen name="w_764">509.33px</dimen>
<dimen name="w_765">510.0px</dimen>
<dimen name="w_766">510.66px</dimen>
<dimen name="w_767">511.33px</dimen>
<dimen name="w_768">512.0px</dimen>
<dimen name="w_769">512.66px</dimen>
<dimen name="w_770">513.33px</dimen>
<dimen name="w_771">514.0px</dimen>
<dimen name="w_772">514.66px</dimen>
<dimen name="w_773">515.33px</dimen>
<dimen name="w_774">516.0px</dimen>
<dimen name="w_775">516.66px</dimen>
<dimen name="w_776">517.33px</dimen>
<dimen name="w_777">518.0px</dimen>
<dimen name="w_778">518.66px</dimen>
<dimen name="w_779">519.33px</dimen>
<dimen name="w_780">520.0px</dimen>
<dimen name="w_781">520.66px</dimen>
<dimen name="w_782">521.33px</dimen>
<dimen name="w_783">522.0px</dimen>
<dimen name="w_784">522.66px</dimen>
<dimen name="w_785">523.33px</dimen>
<dimen name="w_786">524.0px</dimen>
<dimen name="w_787">524.66px</dimen>
<dimen name="w_788">525.33px</dimen>
<dimen name="w_789">526.0px</dimen>
<dimen name="w_790">526.66px</dimen>
<dimen name="w_791">527.33px</dimen>
<dimen name="w_792">528.0px</dimen>
<dimen name="w_793">528.66px</dimen>
<dimen name="w_794">529.33px</dimen>
<dimen name="w_795">530.0px</dimen>
<dimen name="w_796">530.66px</dimen>
<dimen name="w_797">531.33px</dimen>
<dimen name="w_798">532.0px</dimen>
<dimen name="w_799">532.66px</dimen>
<dimen name="w_800">533.33px</dimen>
<dimen name="w_801">534.0px</dimen>
<dimen name="w_802">534.66px</dimen>
<dimen name="w_803">535.33px</dimen>
<dimen name="w_804">536.0px</dimen>
<dimen name="w_805">536.66px</dimen>
<dimen name="w_806">537.33px</dimen>
<dimen name="w_807">538.0px</dimen>
<dimen name="w_808">538.66px</dimen>
<dimen name="w_809">539.33px</dimen>
<dimen name="w_810">540.0px</dimen>
<dimen name="w_811">540.66px</dimen>
<dimen name="w_812">541.33px</dimen>
<dimen name="w_813">542.0px</dimen>
<dimen name="w_814">542.66px</dimen>
<dimen name="w_815">543.33px</dimen>
<dimen name="w_816">544.0px</dimen>
<dimen name="w_817">544.66px</dimen>
<dimen name="w_818">545.33px</dimen>
<dimen name="w_819">546.0px</dimen>
<dimen name="w_820">546.66px</dimen>
<dimen name="w_821">547.33px</dimen>
<dimen name="w_822">548.0px</dimen>
<dimen name="w_823">548.66px</dimen>
<dimen name="w_824">549.33px</dimen>
<dimen name="w_825">550.0px</dimen>
<dimen name="w_826">550.66px</dimen>
<dimen name="w_827">551.33px</dimen>
<dimen name="w_828">552.0px</dimen>
<dimen name="w_829">552.66px</dimen>
<dimen name="w_830">553.33px</dimen>
<dimen name="w_831">554.0px</dimen>
<dimen name="w_832">554.66px</dimen>
<dimen name="w_833">555.33px</dimen>
<dimen name="w_834">556.0px</dimen>
<dimen name="w_835">556.66px</dimen>
<dimen name="w_836">557.33px</dimen>
<dimen name="w_837">558.0px</dimen>
<dimen name="w_838">558.66px</dimen>
<dimen name="w_839">559.33px</dimen>
<dimen name="w_840">560.0px</dimen>
<dimen name="w_841">560.66px</dimen>
<dimen name="w_842">561.33px</dimen>
<dimen name="w_843">562.0px</dimen>
<dimen name="w_844">562.66px</dimen>
<dimen name="w_845">563.33px</dimen>
<dimen name="w_846">564.0px</dimen>
<dimen name="w_847">564.66px</dimen>
<dimen name="w_848">565.33px</dimen>
<dimen name="w_849">566.0px</dimen>
<dimen name="w_850">566.66px</dimen>
<dimen name="w_851">567.33px</dimen>
<dimen name="w_852">568.0px</dimen>
<dimen name="w_853">568.66px</dimen>
<dimen name="w_854">569.33px</dimen>
<dimen name="w_855">570.0px</dimen>
<dimen name="w_856">570.66px</dimen>
<dimen name="w_857">571.33px</dimen>
<dimen name="w_858">572.0px</dimen>
<dimen name="w_859">572.66px</dimen>
<dimen name="w_860">573.33px</dimen>
<dimen name="w_861">574.0px</dimen>
<dimen name="w_862">574.66px</dimen>
<dimen name="w_863">575.33px</dimen>
<dimen name="w_864">576.0px</dimen>
<dimen name="w_865">576.66px</dimen>
<dimen name="w_866">577.33px</dimen>
<dimen name="w_867">578.0px</dimen>
<dimen name="w_868">578.66px</dimen>
<dimen name="w_869">579.33px</dimen>
<dimen name="w_870">580.0px</dimen>
<dimen name="w_871">580.66px</dimen>
<dimen name="w_872">581.33px</dimen>
<dimen name="w_873">582.0px</dimen>
<dimen name="w_874">582.66px</dimen>
<dimen name="w_875">583.33px</dimen>
<dimen name="w_876">584.0px</dimen>
<dimen name="w_877">584.66px</dimen>
<dimen name="w_878">585.33px</dimen>
<dimen name="w_879">586.0px</dimen>
<dimen name="w_880">586.66px</dimen>
<dimen name="w_881">587.33px</dimen>
<dimen name="w_882">588.0px</dimen>
<dimen name="w_883">588.66px</dimen>
<dimen name="w_884">589.33px</dimen>
<dimen name="w_885">590.0px</dimen>
<dimen name="w_886">590.66px</dimen>
<dimen name="w_887">591.33px</dimen>
<dimen name="w_888">592.0px</dimen>
<dimen name="w_889">592.66px</dimen>
<dimen name="w_890">593.33px</dimen>
<dimen name="w_891">594.0px</dimen>
<dimen name="w_892">594.66px</dimen>
<dimen name="w_893">595.33px</dimen>
<dimen name="w_894">596.0px</dimen>
<dimen name="w_895">596.66px</dimen>
<dimen name="w_896">597.33px</dimen>
<dimen name="w_897">598.0px</dimen>
<dimen name="w_898">598.66px</dimen>
<dimen name="w_899">599.33px</dimen>
<dimen name="w_900">600.0px</dimen>
<dimen name="w_901">600.66px</dimen>
<dimen name="w_902">601.33px</dimen>
<dimen name="w_903">602.0px</dimen>
<dimen name="w_904">602.66px</dimen>
<dimen name="w_905">603.33px</dimen>
<dimen name="w_906">604.0px</dimen>
<dimen name="w_907">604.66px</dimen>
<dimen name="w_908">605.33px</dimen>
<dimen name="w_909">606.0px</dimen>
<dimen name="w_910">606.66px</dimen>
<dimen name="w_911">607.33px</dimen>
<dimen name="w_912">608.0px</dimen>
<dimen name="w_913">608.66px</dimen>
<dimen name="w_914">609.33px</dimen>
<dimen name="w_915">610.0px</dimen>
<dimen name="w_916">610.66px</dimen>
<dimen name="w_917">611.33px</dimen>
<dimen name="w_918">612.0px</dimen>
<dimen name="w_919">612.66px</dimen>
<dimen name="w_920">613.33px</dimen>
<dimen name="w_921">614.0px</dimen>
<dimen name="w_922">614.66px</dimen>
<dimen name="w_923">615.33px</dimen>
<dimen name="w_924">616.0px</dimen>
<dimen name="w_925">616.66px</dimen>
<dimen name="w_926">617.33px</dimen>
<dimen name="w_927">618.0px</dimen>
<dimen name="w_928">618.66px</dimen>
<dimen name="w_929">619.33px</dimen>
<dimen name="w_930">620.0px</dimen>
<dimen name="w_931">620.66px</dimen>
<dimen name="w_932">621.33px</dimen>
<dimen name="w_933">622.0px</dimen>
<dimen name="w_934">622.66px</dimen>
<dimen name="w_935">623.33px</dimen>
<dimen name="w_936">624.0px</dimen>
<dimen name="w_937">624.66px</dimen>
<dimen name="w_938">625.33px</dimen>
<dimen name="w_939">626.0px</dimen>
<dimen name="w_940">626.66px</dimen>
<dimen name="w_941">627.33px</dimen>
<dimen name="w_942">628.0px</dimen>
<dimen name="w_943">628.66px</dimen>
<dimen name="w_944">629.33px</dimen>
<dimen name="w_945">630.0px</dimen>
<dimen name="w_946">630.66px</dimen>
<dimen name="w_947">631.33px</dimen>
<dimen name="w_948">632.0px</dimen>
<dimen name="w_949">632.66px</dimen>
<dimen name="w_950">633.33px</dimen>
<dimen name="w_951">634.0px</dimen>
<dimen name="w_952">634.66px</dimen>
<dimen name="w_953">635.33px</dimen>
<dimen name="w_954">636.0px</dimen>
<dimen name="w_955">636.66px</dimen>
<dimen name="w_956">637.33px</dimen>
<dimen name="w_957">638.0px</dimen>
<dimen name="w_958">638.66px</dimen>
<dimen name="w_959">639.33px</dimen>
<dimen name="w_960">640.0px</dimen>
<dimen name="w_961">640.66px</dimen>
<dimen name="w_962">641.33px</dimen>
<dimen name="w_963">642.0px</dimen>
<dimen name="w_964">642.66px</dimen>
<dimen name="w_965">643.33px</dimen>
<dimen name="w_966">644.0px</dimen>
<dimen name="w_967">644.66px</dimen>
<dimen name="w_968">645.33px</dimen>
<dimen name="w_969">646.0px</dimen>
<dimen name="w_970">646.66px</dimen>
<dimen name="w_971">647.33px</dimen>
<dimen name="w_972">648.0px</dimen>
<dimen name="w_973">648.66px</dimen>
<dimen name="w_974">649.33px</dimen>
<dimen name="w_975">650.0px</dimen>
<dimen name="w_976">650.66px</dimen>
<dimen name="w_977">651.33px</dimen>
<dimen name="w_978">652.0px</dimen>
<dimen name="w_979">652.66px</dimen>
<dimen name="w_980">653.33px</dimen>
<dimen name="w_981">654.0px</dimen>
<dimen name="w_982">654.66px</dimen>
<dimen name="w_983">655.33px</dimen>
<dimen name="w_984">656.0px</dimen>
<dimen name="w_985">656.66px</dimen>
<dimen name="w_986">657.33px</dimen>
<dimen name="w_987">658.0px</dimen>
<dimen name="w_988">658.66px</dimen>
<dimen name="w_989">659.33px</dimen>
<dimen name="w_990">660.0px</dimen>
<dimen name="w_991">660.66px</dimen>
<dimen name="w_992">661.33px</dimen>
<dimen name="w_993">662.0px</dimen>
<dimen name="w_994">662.66px</dimen>
<dimen name="w_995">663.33px</dimen>
<dimen name="w_996">664.0px</dimen>
<dimen name="w_997">664.66px</dimen>
<dimen name="w_998">665.33px</dimen>
<dimen name="w_999">666.0px</dimen>
<dimen name="w_1000">666.66px</dimen>
<dimen name="w_1001">667.33px</dimen>
<dimen name="w_1002">668.0px</dimen>
<dimen name="w_1003">668.66px</dimen>
<dimen name="w_1004">669.33px</dimen>
<dimen name="w_1005">670.0px</dimen>
<dimen name="w_1006">670.66px</dimen>
<dimen name="w_1007">671.33px</dimen>
<dimen name="w_1008">672.0px</dimen>
<dimen name="w_1009">672.66px</dimen>
<dimen name="w_1010">673.33px</dimen>
<dimen name="w_1011">674.0px</dimen>
<dimen name="w_1012">674.66px</dimen>
<dimen name="w_1013">675.33px</dimen>
<dimen name="w_1014">676.0px</dimen>
<dimen name="w_1015">676.66px</dimen>
<dimen name="w_1016">677.33px</dimen>
<dimen name="w_1017">678.0px</dimen>
<dimen name="w_1018">678.66px</dimen>
<dimen name="w_1019">679.33px</dimen>
<dimen name="w_1020">680.0px</dimen>
<dimen name="w_1021">680.66px</dimen>
<dimen name="w_1022">681.33px</dimen>
<dimen name="w_1023">682.0px</dimen>
<dimen name="w_1024">682.66px</dimen>
<dimen name="w_1025">683.33px</dimen>
<dimen name="w_1026">684.0px</dimen>
<dimen name="w_1027">684.66px</dimen>
<dimen name="w_1028">685.33px</dimen>
<dimen name="w_1029">686.0px</dimen>
<dimen name="w_1030">686.66px</dimen>
<dimen name="w_1031">687.33px</dimen>
<dimen name="w_1032">688.0px</dimen>
<dimen name="w_1033">688.66px</dimen>
<dimen name="w_1034">689.33px</dimen>
<dimen name="w_1035">690.0px</dimen>
<dimen name="w_1036">690.66px</dimen>
<dimen name="w_1037">691.33px</dimen>
<dimen name="w_1038">692.0px</dimen>
<dimen name="w_1039">692.66px</dimen>
<dimen name="w_1040">693.33px</dimen>
<dimen name="w_1041">694.0px</dimen>
<dimen name="w_1042">694.66px</dimen>
<dimen name="w_1043">695.33px</dimen>
<dimen name="w_1044">696.0px</dimen>
<dimen name="w_1045">696.66px</dimen>
<dimen name="w_1046">697.33px</dimen>
<dimen name="w_1047">698.0px</dimen>
<dimen name="w_1048">698.66px</dimen>
<dimen name="w_1049">699.33px</dimen>
<dimen name="w_1050">700.0px</dimen>
<dimen name="w_1051">700.66px</dimen>
<dimen name="w_1052">701.33px</dimen>
<dimen name="w_1053">702.0px</dimen>
<dimen name="w_1054">702.66px</dimen>
<dimen name="w_1055">703.33px</dimen>
<dimen name="w_1056">704.0px</dimen>
<dimen name="w_1057">704.66px</dimen>
<dimen name="w_1058">705.33px</dimen>
<dimen name="w_1059">706.0px</dimen>
<dimen name="w_1060">706.66px</dimen>
<dimen name="w_1061">707.33px</dimen>
<dimen name="w_1062">708.0px</dimen>
<dimen name="w_1063">708.66px</dimen>
<dimen name="w_1064">709.33px</dimen>
<dimen name="w_1065">710.0px</dimen>
<dimen name="w_1066">710.66px</dimen>
<dimen name="w_1067">711.33px</dimen>
<dimen name="w_1068">712.0px</dimen>
<dimen name="w_1069">712.66px</dimen>
<dimen name="w_1070">713.33px</dimen>
<dimen name="w_1071">714.0px</dimen>
<dimen name="w_1072">714.66px</dimen>
<dimen name="w_1073">715.33px</dimen>
<dimen name="w_1074">716.0px</dimen>
<dimen name="w_1075">716.66px</dimen>
<dimen name="w_1076">717.33px</dimen>
<dimen name="w_1077">718.0px</dimen>
<dimen name="w_1078">718.66px</dimen>
<dimen name="w_1079">719.33px</dimen>
<dimen name="w_1080">720.0px</dimen>
<dimen name="w_1081">720.66px</dimen>
<dimen name="w_1082">721.33px</dimen>
<dimen name="w_1083">722.0px</dimen>
<dimen name="w_1084">722.66px</dimen>
<dimen name="w_1085">723.33px</dimen>
<dimen name="w_1086">724.0px</dimen>
<dimen name="w_1087">724.66px</dimen>
<dimen name="w_1088">725.33px</dimen>
<dimen name="w_1089">726.0px</dimen>
<dimen name="w_1090">726.66px</dimen>
<dimen name="w_1091">727.33px</dimen>
<dimen name="w_1092">728.0px</dimen>
<dimen name="w_1093">728.66px</dimen>
<dimen name="w_1094">729.33px</dimen>
<dimen name="w_1095">730.0px</dimen>
<dimen name="w_1096">730.66px</dimen>
<dimen name="w_1097">731.33px</dimen>
<dimen name="w_1098">732.0px</dimen>
<dimen name="w_1099">732.66px</dimen>
<dimen name="w_1100">733.33px</dimen>
<dimen name="w_1101">734.0px</dimen>
<dimen name="w_1102">734.66px</dimen>
<dimen name="w_1103">735.33px</dimen>
<dimen name="w_1104">736.0px</dimen>
<dimen name="w_1105">736.66px</dimen>
<dimen name="w_1106">737.33px</dimen>
<dimen name="w_1107">738.0px</dimen>
<dimen name="w_1108">738.66px</dimen>
<dimen name="w_1109">739.33px</dimen>
<dimen name="w_1110">740.0px</dimen>
<dimen name="w_1111">740.66px</dimen>
<dimen name="w_1112">741.33px</dimen>
<dimen name="w_1113">742.0px</dimen>
<dimen name="w_1114">742.66px</dimen>
<dimen name="w_1115">743.33px</dimen>
<dimen name="w_1116">744.0px</dimen>
<dimen name="w_1117">744.66px</dimen>
<dimen name="w_1118">745.33px</dimen>
<dimen name="w_1119">746.0px</dimen>
<dimen name="w_1120">746.66px</dimen>
<dimen name="w_1121">747.33px</dimen>
<dimen name="w_1122">748.0px</dimen>
<dimen name="w_1123">748.66px</dimen>
<dimen name="w_1124">749.33px</dimen>
<dimen name="w_1125">750.0px</dimen>
<dimen name="w_1126">750.66px</dimen>
<dimen name="w_1127">751.33px</dimen>
<dimen name="w_1128">752.0px</dimen>
<dimen name="w_1129">752.66px</dimen>
<dimen name="w_1130">753.33px</dimen>
<dimen name="w_1131">754.0px</dimen>
<dimen name="w_1132">754.66px</dimen>
<dimen name="w_1133">755.33px</dimen>
<dimen name="w_1134">756.0px</dimen>
<dimen name="w_1135">756.66px</dimen>
<dimen name="w_1136">757.33px</dimen>
<dimen name="w_1137">758.0px</dimen>
<dimen name="w_1138">758.66px</dimen>
<dimen name="w_1139">759.33px</dimen>
<dimen name="w_1140">760.0px</dimen>
<dimen name="w_1141">760.66px</dimen>
<dimen name="w_1142">761.33px</dimen>
<dimen name="w_1143">762.0px</dimen>
<dimen name="w_1144">762.66px</dimen>
<dimen name="w_1145">763.33px</dimen>
<dimen name="w_1146">764.0px</dimen>
<dimen name="w_1147">764.66px</dimen>
<dimen name="w_1148">765.33px</dimen>
<dimen name="w_1149">766.0px</dimen>
<dimen name="w_1150">766.66px</dimen>
<dimen name="w_1151">767.33px</dimen>
<dimen name="w_1152">768.0px</dimen>
<dimen name="w_1153">768.66px</dimen>
<dimen name="w_1154">769.33px</dimen>
<dimen name="w_1155">770.0px</dimen>
<dimen name="w_1156">770.66px</dimen>
<dimen name="w_1157">771.33px</dimen>
<dimen name="w_1158">772.0px</dimen>
<dimen name="w_1159">772.66px</dimen>
<dimen name="w_1160">773.33px</dimen>
<dimen name="w_1161">774.0px</dimen>
<dimen name="w_1162">774.66px</dimen>
<dimen name="w_1163">775.33px</dimen>
<dimen name="w_1164">776.0px</dimen>
<dimen name="w_1165">776.66px</dimen>
<dimen name="w_1166">777.33px</dimen>
<dimen name="w_1167">778.0px</dimen>
<dimen name="w_1168">778.66px</dimen>
<dimen name="w_1169">779.33px</dimen>
<dimen name="w_1170">780.0px</dimen>
<dimen name="w_1171">780.66px</dimen>
<dimen name="w_1172">781.33px</dimen>
<dimen name="w_1173">782.0px</dimen>
<dimen name="w_1174">782.66px</dimen>
<dimen name="w_1175">783.33px</dimen>
<dimen name="w_1176">784.0px</dimen>
<dimen name="w_1177">784.66px</dimen>
<dimen name="w_1178">785.33px</dimen>
<dimen name="w_1179">786.0px</dimen>
<dimen name="w_1180">786.66px</dimen>
<dimen name="w_1181">787.33px</dimen>
<dimen name="w_1182">788.0px</dimen>
<dimen name="w_1183">788.66px</dimen>
<dimen name="w_1184">789.33px</dimen>
<dimen name="w_1185">790.0px</dimen>
<dimen name="w_1186">790.66px</dimen>
<dimen name="w_1187">791.33px</dimen>
<dimen name="w_1188">792.0px</dimen>
<dimen name="w_1189">792.66px</dimen>
<dimen name="w_1190">793.33px</dimen>
<dimen name="w_1191">794.0px</dimen>
<dimen name="w_1192">794.66px</dimen>
<dimen name="w_1193">795.33px</dimen>
<dimen name="w_1194">796.0px</dimen>
<dimen name="w_1195">796.66px</dimen>
<dimen name="w_1196">797.33px</dimen>
<dimen name="w_1197">798.0px</dimen>
<dimen name="w_1198">798.66px</dimen>
<dimen name="w_1199">799.33px</dimen>
<dimen name="w_1200">800.0px</dimen>
<dimen name="w_1201">800.66px</dimen>
<dimen name="w_1202">801.33px</dimen>
<dimen name="w_1203">802.0px</dimen>
<dimen name="w_1204">802.66px</dimen>
<dimen name="w_1205">803.33px</dimen>
<dimen name="w_1206">804.0px</dimen>
<dimen name="w_1207">804.66px</dimen>
<dimen name="w_1208">805.33px</dimen>
<dimen name="w_1209">806.0px</dimen>
<dimen name="w_1210">806.66px</dimen>
<dimen name="w_1211">807.33px</dimen>
<dimen name="w_1212">808.0px</dimen>
<dimen name="w_1213">808.66px</dimen>
<dimen name="w_1214">809.33px</dimen>
<dimen name="w_1215">810.0px</dimen>
<dimen name="w_1216">810.66px</dimen>
<dimen name="w_1217">811.33px</dimen>
<dimen name="w_1218">812.0px</dimen>
<dimen name="w_1219">812.66px</dimen>
<dimen name="w_1220">813.33px</dimen>
<dimen name="w_1221">814.0px</dimen>
<dimen name="w_1222">814.66px</dimen>
<dimen name="w_1223">815.33px</dimen>
<dimen name="w_1224">816.0px</dimen>
<dimen name="w_1225">816.66px</dimen>
<dimen name="w_1226">817.33px</dimen>
<dimen name="w_1227">818.0px</dimen>
<dimen name="w_1228">818.66px</dimen>
<dimen name="w_1229">819.33px</dimen>
<dimen name="w_1230">820.0px</dimen>
<dimen name="w_1231">820.66px</dimen>
<dimen name="w_1232">821.33px</dimen>
<dimen name="w_1233">822.0px</dimen>
<dimen name="w_1234">822.66px</dimen>
<dimen name="w_1235">823.33px</dimen>
<dimen name="w_1236">824.0px</dimen>
<dimen name="w_1237">824.66px</dimen>
<dimen name="w_1238">825.33px</dimen>
<dimen name="w_1239">826.0px</dimen>
<dimen name="w_1240">826.66px</dimen>
<dimen name="w_1241">827.33px</dimen>
<dimen name="w_1242">828.0px</dimen>
<dimen name="w_1243">828.66px</dimen>
<dimen name="w_1244">829.33px</dimen>
<dimen name="w_1245">830.0px</dimen>
<dimen name="w_1246">830.66px</dimen>
<dimen name="w_1247">831.33px</dimen>
<dimen name="w_1248">832.0px</dimen>
<dimen name="w_1249">832.66px</dimen>
<dimen name="w_1250">833.33px</dimen>
<dimen name="w_1251">834.0px</dimen>
<dimen name="w_1252">834.66px</dimen>
<dimen name="w_1253">835.33px</dimen>
<dimen name="w_1254">836.0px</dimen>
<dimen name="w_1255">836.66px</dimen>
<dimen name="w_1256">837.33px</dimen>
<dimen name="w_1257">838.0px</dimen>
<dimen name="w_1258">838.66px</dimen>
<dimen name="w_1259">839.33px</dimen>
<dimen name="w_1260">840.0px</dimen>
<dimen name="w_1261">840.66px</dimen>
<dimen name="w_1262">841.33px</dimen>
<dimen name="w_1263">842.0px</dimen>
<dimen name="w_1264">842.66px</dimen>
<dimen name="w_1265">843.33px</dimen>
<dimen name="w_1266">844.0px</dimen>
<dimen name="w_1267">844.66px</dimen>
<dimen name="w_1268">845.33px</dimen>
<dimen name="w_1269">846.0px</dimen>
<dimen name="w_1270">846.66px</dimen>
<dimen name="w_1271">847.33px</dimen>
<dimen name="w_1272">848.0px</dimen>
<dimen name="w_1273">848.66px</dimen>
<dimen name="w_1274">849.33px</dimen>
<dimen name="w_1275">850.0px</dimen>
<dimen name="w_1276">850.66px</dimen>
<dimen name="w_1277">851.33px</dimen>
<dimen name="w_1278">852.0px</dimen>
<dimen name="w_1279">852.66px</dimen>
<dimen name="w_1280">853.33px</dimen>
<dimen name="w_1281">854.0px</dimen>
<dimen name="w_1282">854.66px</dimen>
<dimen name="w_1283">855.33px</dimen>
<dimen name="w_1284">856.0px</dimen>
<dimen name="w_1285">856.66px</dimen>
<dimen name="w_1286">857.33px</dimen>
<dimen name="w_1287">858.0px</dimen>
<dimen name="w_1288">858.66px</dimen>
<dimen name="w_1289">859.33px</dimen>
<dimen name="w_1290">860.0px</dimen>
<dimen name="w_1291">860.66px</dimen>
<dimen name="w_1292">861.33px</dimen>
<dimen name="w_1293">862.0px</dimen>
<dimen name="w_1294">862.66px</dimen>
<dimen name="w_1295">863.33px</dimen>
<dimen name="w_1296">864.0px</dimen>
<dimen name="w_1297">864.66px</dimen>
<dimen name="w_1298">865.33px</dimen>
<dimen name="w_1299">866.0px</dimen>
<dimen name="w_1300">866.66px</dimen>
<dimen name="w_1301">867.33px</dimen>
<dimen name="w_1302">868.0px</dimen>
<dimen name="w_1303">868.66px</dimen>
<dimen name="w_1304">869.33px</dimen>
<dimen name="w_1305">870.0px</dimen>
<dimen name="w_1306">870.66px</dimen>
<dimen name="w_1307">871.33px</dimen>
<dimen name="w_1308">872.0px</dimen>
<dimen name="w_1309">872.66px</dimen>
<dimen name="w_1310">873.33px</dimen>
<dimen name="w_1311">874.0px</dimen>
<dimen name="w_1312">874.66px</dimen>
<dimen name="w_1313">875.33px</dimen>
<dimen name="w_1314">876.0px</dimen>
<dimen name="w_1315">876.66px</dimen>
<dimen name="w_1316">877.33px</dimen>
<dimen name="w_1317">878.0px</dimen>
<dimen name="w_1318">878.66px</dimen>
<dimen name="w_1319">879.33px</dimen>
<dimen name="w_1320">880.0px</dimen>
<dimen name="w_1321">880.66px</dimen>
<dimen name="w_1322">881.33px</dimen>
<dimen name="w_1323">882.0px</dimen>
<dimen name="w_1324">882.66px</dimen>
<dimen name="w_1325">883.33px</dimen>
<dimen name="w_1326">884.0px</dimen>
<dimen name="w_1327">884.66px</dimen>
<dimen name="w_1328">885.33px</dimen>
<dimen name="w_1329">886.0px</dimen>
<dimen name="w_1330">886.66px</dimen>
<dimen name="w_1331">887.33px</dimen>
<dimen name="w_1332">888.0px</dimen>
<dimen name="w_1333">888.66px</dimen>
<dimen name="w_1334">889.33px</dimen>
<dimen name="w_1335">890.0px</dimen>
<dimen name="w_1336">890.66px</dimen>
<dimen name="w_1337">891.33px</dimen>
<dimen name="w_1338">892.0px</dimen>
<dimen name="w_1339">892.66px</dimen>
<dimen name="w_1340">893.33px</dimen>
<dimen name="w_1341">894.0px</dimen>
<dimen name="w_1342">894.66px</dimen>
<dimen name="w_1343">895.33px</dimen>
<dimen name="w_1344">896.0px</dimen>
<dimen name="w_1345">896.66px</dimen>
<dimen name="w_1346">897.33px</dimen>
<dimen name="w_1347">898.0px</dimen>
<dimen name="w_1348">898.66px</dimen>
<dimen name="w_1349">899.33px</dimen>
<dimen name="w_1350">900.0px</dimen>
<dimen name="w_1351">900.66px</dimen>
<dimen name="w_1352">901.33px</dimen>
<dimen name="w_1353">902.0px</dimen>
<dimen name="w_1354">902.66px</dimen>
<dimen name="w_1355">903.33px</dimen>
<dimen name="w_1356">904.0px</dimen>
<dimen name="w_1357">904.66px</dimen>
<dimen name="w_1358">905.33px</dimen>
<dimen name="w_1359">906.0px</dimen>
<dimen name="w_1360">906.66px</dimen>
<dimen name="w_1361">907.33px</dimen>
<dimen name="w_1362">908.0px</dimen>
<dimen name="w_1363">908.66px</dimen>
<dimen name="w_1364">909.33px</dimen>
<dimen name="w_1365">910.0px</dimen>
<dimen name="w_1366">910.66px</dimen>
<dimen name="w_1367">911.33px</dimen>
<dimen name="w_1368">912.0px</dimen>
<dimen name="w_1369">912.66px</dimen>
<dimen name="w_1370">913.33px</dimen>
<dimen name="w_1371">914.0px</dimen>
<dimen name="w_1372">914.66px</dimen>
<dimen name="w_1373">915.33px</dimen>
<dimen name="w_1374">916.0px</dimen>
<dimen name="w_1375">916.66px</dimen>
<dimen name="w_1376">917.33px</dimen>
<dimen name="w_1377">918.0px</dimen>
<dimen name="w_1378">918.66px</dimen>
<dimen name="w_1379">919.33px</dimen>
<dimen name="w_1380">920.0px</dimen>
<dimen name="w_1381">920.66px</dimen>
<dimen name="w_1382">921.33px</dimen>
<dimen name="w_1383">922.0px</dimen>
<dimen name="w_1384">922.66px</dimen>
<dimen name="w_1385">923.33px</dimen>
<dimen name="w_1386">924.0px</dimen>
<dimen name="w_1387">924.66px</dimen>
<dimen name="w_1388">925.33px</dimen>
<dimen name="w_1389">926.0px</dimen>
<dimen name="w_1390">926.66px</dimen>
<dimen name="w_1391">927.33px</dimen>
<dimen name="w_1392">928.0px</dimen>
<dimen name="w_1393">928.66px</dimen>
<dimen name="w_1394">929.33px</dimen>
<dimen name="w_1395">930.0px</dimen>
<dimen name="w_1396">930.66px</dimen>
<dimen name="w_1397">931.33px</dimen>
<dimen name="w_1398">932.0px</dimen>
<dimen name="w_1399">932.66px</dimen>
<dimen name="w_1400">933.33px</dimen>
<dimen name="w_1401">934.0px</dimen>
<dimen name="w_1402">934.66px</dimen>
<dimen name="w_1403">935.33px</dimen>
<dimen name="w_1404">936.0px</dimen>
<dimen name="w_1405">936.66px</dimen>
<dimen name="w_1406">937.33px</dimen>
<dimen name="w_1407">938.0px</dimen>
<dimen name="w_1408">938.66px</dimen>
<dimen name="w_1409">939.33px</dimen>
<dimen name="w_1410">940.0px</dimen>
<dimen name="w_1411">940.66px</dimen>
<dimen name="w_1412">941.33px</dimen>
<dimen name="w_1413">942.0px</dimen>
<dimen name="w_1414">942.66px</dimen>
<dimen name="w_1415">943.33px</dimen>
<dimen name="w_1416">944.0px</dimen>
<dimen name="w_1417">944.66px</dimen>
<dimen name="w_1418">945.33px</dimen>
<dimen name="w_1419">946.0px</dimen>
<dimen name="w_1420">946.66px</dimen>
<dimen name="w_1421">947.33px</dimen>
<dimen name="w_1422">948.0px</dimen>
<dimen name="w_1423">948.66px</dimen>
<dimen name="w_1424">949.33px</dimen>
<dimen name="w_1425">950.0px</dimen>
<dimen name="w_1426">950.66px</dimen>
<dimen name="w_1427">951.33px</dimen>
<dimen name="w_1428">952.0px</dimen>
<dimen name="w_1429">952.66px</dimen>
<dimen name="w_1430">953.33px</dimen>
<dimen name="w_1431">954.0px</dimen>
<dimen name="w_1432">954.66px</dimen>
<dimen name="w_1433">955.33px</dimen>
<dimen name="w_1434">956.0px</dimen>
<dimen name="w_1435">956.66px</dimen>
<dimen name="w_1436">957.33px</dimen>
<dimen name="w_1437">958.0px</dimen>
<dimen name="w_1438">958.66px</dimen>
<dimen name="w_1439">959.33px</dimen>
<dimen name="w_1440">960.0px</dimen>
<dimen name="w_1441">960.66px</dimen>
<dimen name="w_1442">961.33px</dimen>
<dimen name="w_1443">962.0px</dimen>
<dimen name="w_1444">962.66px</dimen>
<dimen name="w_1445">963.33px</dimen>
<dimen name="w_1446">964.0px</dimen>
<dimen name="w_1447">964.66px</dimen>
<dimen name="w_1448">965.33px</dimen>
<dimen name="w_1449">966.0px</dimen>
<dimen name="w_1450">966.66px</dimen>
<dimen name="w_1451">967.33px</dimen>
<dimen name="w_1452">968.0px</dimen>
<dimen name="w_1453">968.66px</dimen>
<dimen name="w_1454">969.33px</dimen>
<dimen name="w_1455">970.0px</dimen>
<dimen name="w_1456">970.66px</dimen>
<dimen name="w_1457">971.33px</dimen>
<dimen name="w_1458">972.0px</dimen>
<dimen name="w_1459">972.66px</dimen>
<dimen name="w_1460">973.33px</dimen>
<dimen name="w_1461">974.0px</dimen>
<dimen name="w_1462">974.66px</dimen>
<dimen name="w_1463">975.33px</dimen>
<dimen name="w_1464">976.0px</dimen>
<dimen name="w_1465">976.66px</dimen>
<dimen name="w_1466">977.33px</dimen>
<dimen name="w_1467">978.0px</dimen>
<dimen name="w_1468">978.66px</dimen>
<dimen name="w_1469">979.33px</dimen>
<dimen name="w_1470">980.0px</dimen>
<dimen name="w_1471">980.66px</dimen>
<dimen name="w_1472">981.33px</dimen>
<dimen name="w_1473">982.0px</dimen>
<dimen name="w_1474">982.66px</dimen>
<dimen name="w_1475">983.33px</dimen>
<dimen name="w_1476">984.0px</dimen>
<dimen name="w_1477">984.66px</dimen>
<dimen name="w_1478">985.33px</dimen>
<dimen name="w_1479">986.0px</dimen>
<dimen name="w_1480">986.66px</dimen>
<dimen name="w_1481">987.33px</dimen>
<dimen name="w_1482">988.0px</dimen>
<dimen name="w_1483">988.66px</dimen>
<dimen name="w_1484">989.33px</dimen>
<dimen name="w_1485">990.0px</dimen>
<dimen name="w_1486">990.66px</dimen>
<dimen name="w_1487">991.33px</dimen>
<dimen name="w_1488">992.0px</dimen>
<dimen name="w_1489">992.66px</dimen>
<dimen name="w_1490">993.33px</dimen>
<dimen name="w_1491">994.0px</dimen>
<dimen name="w_1492">994.66px</dimen>
<dimen name="w_1493">995.33px</dimen>
<dimen name="w_1494">996.0px</dimen>
<dimen name="w_1495">996.66px</dimen>
<dimen name="w_1496">997.33px</dimen>
<dimen name="w_1497">998.0px</dimen>
<dimen name="w_1498">998.66px</dimen>
<dimen name="w_1499">999.33px</dimen>
<dimen name="w_1500">1000.0px</dimen>
<dimen name="w_1501">1000.66px</dimen>
<dimen name="w_1502">1001.33px</dimen>
<dimen name="w_1503">1002.0px</dimen>
<dimen name="w_1504">1002.66px</dimen>
<dimen name="w_1505">1003.33px</dimen>
<dimen name="w_1506">1004.0px</dimen>
<dimen name="w_1507">1004.66px</dimen>
<dimen name="w_1508">1005.33px</dimen>
<dimen name="w_1509">1006.0px</dimen>
<dimen name="w_1510">1006.66px</dimen>
<dimen name="w_1511">1007.33px</dimen>
<dimen name="w_1512">1008.0px</dimen>
<dimen name="w_1513">1008.66px</dimen>
<dimen name="w_1514">1009.33px</dimen>
<dimen name="w_1515">1010.0px</dimen>
<dimen name="w_1516">1010.66px</dimen>
<dimen name="w_1517">1011.33px</dimen>
<dimen name="w_1518">1012.0px</dimen>
<dimen name="w_1519">1012.66px</dimen>
<dimen name="w_1520">1013.33px</dimen>
<dimen name="w_1521">1014.0px</dimen>
<dimen name="w_1522">1014.66px</dimen>
<dimen name="w_1523">1015.33px</dimen>
<dimen name="w_1524">1016.0px</dimen>
<dimen name="w_1525">1016.66px</dimen>
<dimen name="w_1526">1017.33px</dimen>
<dimen name="w_1527">1018.0px</dimen>
<dimen name="w_1528">1018.66px</dimen>
<dimen name="w_1529">1019.33px</dimen>
<dimen name="w_1530">1020.0px</dimen>
<dimen name="w_1531">1020.66px</dimen>
<dimen name="w_1532">1021.33px</dimen>
<dimen name="w_1533">1022.0px</dimen>
<dimen name="w_1534">1022.66px</dimen>
<dimen name="w_1535">1023.33px</dimen>
<dimen name="w_1536">1024.0px</dimen>
<dimen name="w_1537">1024.66px</dimen>
<dimen name="w_1538">1025.33px</dimen>
<dimen name="w_1539">1026.0px</dimen>
<dimen name="w_1540">1026.66px</dimen>
<dimen name="w_1541">1027.33px</dimen>
<dimen name="w_1542">1028.0px</dimen>
<dimen name="w_1543">1028.66px</dimen>
<dimen name="w_1544">1029.33px</dimen>
<dimen name="w_1545">1030.0px</dimen>
<dimen name="w_1546">1030.66px</dimen>
<dimen name="w_1547">1031.33px</dimen>
<dimen name="w_1548">1032.0px</dimen>
<dimen name="w_1549">1032.66px</dimen>
<dimen name="w_1550">1033.33px</dimen>
<dimen name="w_1551">1034.0px</dimen>
<dimen name="w_1552">1034.66px</dimen>
<dimen name="w_1553">1035.33px</dimen>
<dimen name="w_1554">1036.0px</dimen>
<dimen name="w_1555">1036.66px</dimen>
<dimen name="w_1556">1037.33px</dimen>
<dimen name="w_1557">1038.0px</dimen>
<dimen name="w_1558">1038.66px</dimen>
<dimen name="w_1559">1039.33px</dimen>
<dimen name="w_1560">1040.0px</dimen>
<dimen name="w_1561">1040.66px</dimen>
<dimen name="w_1562">1041.33px</dimen>
<dimen name="w_1563">1042.0px</dimen>
<dimen name="w_1564">1042.66px</dimen>
<dimen name="w_1565">1043.33px</dimen>
<dimen name="w_1566">1044.0px</dimen>
<dimen name="w_1567">1044.66px</dimen>
<dimen name="w_1568">1045.33px</dimen>
<dimen name="w_1569">1046.0px</dimen>
<dimen name="w_1570">1046.66px</dimen>
<dimen name="w_1571">1047.33px</dimen>
<dimen name="w_1572">1048.0px</dimen>
<dimen name="w_1573">1048.66px</dimen>
<dimen name="w_1574">1049.33px</dimen>
<dimen name="w_1575">1050.0px</dimen>
<dimen name="w_1576">1050.66px</dimen>
<dimen name="w_1577">1051.33px</dimen>
<dimen name="w_1578">1052.0px</dimen>
<dimen name="w_1579">1052.66px</dimen>
<dimen name="w_1580">1053.33px</dimen>
<dimen name="w_1581">1054.0px</dimen>
<dimen name="w_1582">1054.66px</dimen>
<dimen name="w_1583">1055.33px</dimen>
<dimen name="w_1584">1056.0px</dimen>
<dimen name="w_1585">1056.66px</dimen>
<dimen name="w_1586">1057.33px</dimen>
<dimen name="w_1587">1058.0px</dimen>
<dimen name="w_1588">1058.66px</dimen>
<dimen name="w_1589">1059.33px</dimen>
<dimen name="w_1590">1060.0px</dimen>
<dimen name="w_1591">1060.66px</dimen>
<dimen name="w_1592">1061.33px</dimen>
<dimen name="w_1593">1062.0px</dimen>
<dimen name="w_1594">1062.66px</dimen>
<dimen name="w_1595">1063.33px</dimen>
<dimen name="w_1596">1064.0px</dimen>
<dimen name="w_1597">1064.66px</dimen>
<dimen name="w_1598">1065.33px</dimen>
<dimen name="w_1599">1066.0px</dimen>
<dimen name="w_1600">1066.66px</dimen>
<dimen name="w_1601">1067.33px</dimen>
<dimen name="w_1602">1068.0px</dimen>
<dimen name="w_1603">1068.66px</dimen>
<dimen name="w_1604">1069.33px</dimen>
<dimen name="w_1605">1070.0px</dimen>
<dimen name="w_1606">1070.66px</dimen>
<dimen name="w_1607">1071.33px</dimen>
<dimen name="w_1608">1072.0px</dimen>
<dimen name="w_1609">1072.66px</dimen>
<dimen name="w_1610">1073.33px</dimen>
<dimen name="w_1611">1074.0px</dimen>
<dimen name="w_1612">1074.66px</dimen>
<dimen name="w_1613">1075.33px</dimen>
<dimen name="w_1614">1076.0px</dimen>
<dimen name="w_1615">1076.66px</dimen>
<dimen name="w_1616">1077.33px</dimen>
<dimen name="w_1617">1078.0px</dimen>
<dimen name="w_1618">1078.66px</dimen>
<dimen name="w_1619">1079.33px</dimen>
<dimen name="w_1620">1080.0px</dimen>
<dimen name="w_1621">1080.66px</dimen>
<dimen name="w_1622">1081.33px</dimen>
<dimen name="w_1623">1082.0px</dimen>
<dimen name="w_1624">1082.66px</dimen>
<dimen name="w_1625">1083.33px</dimen>
<dimen name="w_1626">1084.0px</dimen>
<dimen name="w_1627">1084.66px</dimen>
<dimen name="w_1628">1085.33px</dimen>
<dimen name="w_1629">1086.0px</dimen>
<dimen name="w_1630">1086.66px</dimen>
<dimen name="w_1631">1087.33px</dimen>
<dimen name="w_1632">1088.0px</dimen>
<dimen name="w_1633">1088.66px</dimen>
<dimen name="w_1634">1089.33px</dimen>
<dimen name="w_1635">1090.0px</dimen>
<dimen name="w_1636">1090.66px</dimen>
<dimen name="w_1637">1091.33px</dimen>
<dimen name="w_1638">1092.0px</dimen>
<dimen name="w_1639">1092.66px</dimen>
<dimen name="w_1640">1093.33px</dimen>
<dimen name="w_1641">1094.0px</dimen>
<dimen name="w_1642">1094.66px</dimen>
<dimen name="w_1643">1095.33px</dimen>
<dimen name="w_1644">1096.0px</dimen>
<dimen name="w_1645">1096.66px</dimen>
<dimen name="w_1646">1097.33px</dimen>
<dimen name="w_1647">1098.0px</dimen>
<dimen name="w_1648">1098.66px</dimen>
<dimen name="w_1649">1099.33px</dimen>
<dimen name="w_1650">1100.0px</dimen>
<dimen name="w_1651">1100.66px</dimen>
<dimen name="w_1652">1101.33px</dimen>
<dimen name="w_1653">1102.0px</dimen>
<dimen name="w_1654">1102.66px</dimen>
<dimen name="w_1655">1103.33px</dimen>
<dimen name="w_1656">1104.0px</dimen>
<dimen name="w_1657">1104.66px</dimen>
<dimen name="w_1658">1105.33px</dimen>
<dimen name="w_1659">1106.0px</dimen>
<dimen name="w_1660">1106.66px</dimen>
<dimen name="w_1661">1107.33px</dimen>
<dimen name="w_1662">1108.0px</dimen>
<dimen name="w_1663">1108.66px</dimen>
<dimen name="w_1664">1109.33px</dimen>
<dimen name="w_1665">1110.0px</dimen>
<dimen name="w_1666">1110.66px</dimen>
<dimen name="w_1667">1111.33px</dimen>
<dimen name="w_1668">1112.0px</dimen>
<dimen name="w_1669">1112.66px</dimen>
<dimen name="w_1670">1113.33px</dimen>
<dimen name="w_1671">1114.0px</dimen>
<dimen name="w_1672">1114.66px</dimen>
<dimen name="w_1673">1115.33px</dimen>
<dimen name="w_1674">1116.0px</dimen>
<dimen name="w_1675">1116.66px</dimen>
<dimen name="w_1676">1117.33px</dimen>
<dimen name="w_1677">1118.0px</dimen>
<dimen name="w_1678">1118.66px</dimen>
<dimen name="w_1679">1119.33px</dimen>
<dimen name="w_1680">1120.0px</dimen>
<dimen name="w_1681">1120.66px</dimen>
<dimen name="w_1682">1121.33px</dimen>
<dimen name="w_1683">1122.0px</dimen>
<dimen name="w_1684">1122.66px</dimen>
<dimen name="w_1685">1123.33px</dimen>
<dimen name="w_1686">1124.0px</dimen>
<dimen name="w_1687">1124.66px</dimen>
<dimen name="w_1688">1125.33px</dimen>
<dimen name="w_1689">1126.0px</dimen>
<dimen name="w_1690">1126.66px</dimen>
<dimen name="w_1691">1127.33px</dimen>
<dimen name="w_1692">1128.0px</dimen>
<dimen name="w_1693">1128.66px</dimen>
<dimen name="w_1694">1129.33px</dimen>
<dimen name="w_1695">1130.0px</dimen>
<dimen name="w_1696">1130.66px</dimen>
<dimen name="w_1697">1131.33px</dimen>
<dimen name="w_1698">1132.0px</dimen>
<dimen name="w_1699">1132.66px</dimen>
<dimen name="w_1700">1133.33px</dimen>
<dimen name="w_1701">1134.0px</dimen>
<dimen name="w_1702">1134.66px</dimen>
<dimen name="w_1703">1135.33px</dimen>
<dimen name="w_1704">1136.0px</dimen>
<dimen name="w_1705">1136.66px</dimen>
<dimen name="w_1706">1137.33px</dimen>
<dimen name="w_1707">1138.0px</dimen>
<dimen name="w_1708">1138.66px</dimen>
<dimen name="w_1709">1139.33px</dimen>
<dimen name="w_1710">1140.0px</dimen>
<dimen name="w_1711">1140.66px</dimen>
<dimen name="w_1712">1141.33px</dimen>
<dimen name="w_1713">1142.0px</dimen>
<dimen name="w_1714">1142.66px</dimen>
<dimen name="w_1715">1143.33px</dimen>
<dimen name="w_1716">1144.0px</dimen>
<dimen name="w_1717">1144.66px</dimen>
<dimen name="w_1718">1145.33px</dimen>
<dimen name="w_1719">1146.0px</dimen>
<dimen name="w_1720">1146.66px</dimen>
<dimen name="w_1721">1147.33px</dimen>
<dimen name="w_1722">1148.0px</dimen>
<dimen name="w_1723">1148.66px</dimen>
<dimen name="w_1724">1149.33px</dimen>
<dimen name="w_1725">1150.0px</dimen>
<dimen name="w_1726">1150.66px</dimen>
<dimen name="w_1727">1151.33px</dimen>
<dimen name="w_1728">1152.0px</dimen>
<dimen name="w_1729">1152.66px</dimen>
<dimen name="w_1730">1153.33px</dimen>
<dimen name="w_1731">1154.0px</dimen>
<dimen name="w_1732">1154.66px</dimen>
<dimen name="w_1733">1155.33px</dimen>
<dimen name="w_1734">1156.0px</dimen>
<dimen name="w_1735">1156.66px</dimen>
<dimen name="w_1736">1157.33px</dimen>
<dimen name="w_1737">1158.0px</dimen>
<dimen name="w_1738">1158.66px</dimen>
<dimen name="w_1739">1159.33px</dimen>
<dimen name="w_1740">1160.0px</dimen>
<dimen name="w_1741">1160.66px</dimen>
<dimen name="w_1742">1161.33px</dimen>
<dimen name="w_1743">1162.0px</dimen>
<dimen name="w_1744">1162.66px</dimen>
<dimen name="w_1745">1163.33px</dimen>
<dimen name="w_1746">1164.0px</dimen>
<dimen name="w_1747">1164.66px</dimen>
<dimen name="w_1748">1165.33px</dimen>
<dimen name="w_1749">1166.0px</dimen>
<dimen name="w_1750">1166.66px</dimen>
<dimen name="w_1751">1167.33px</dimen>
<dimen name="w_1752">1168.0px</dimen>
<dimen name="w_1753">1168.66px</dimen>
<dimen name="w_1754">1169.33px</dimen>
<dimen name="w_1755">1170.0px</dimen>
<dimen name="w_1756">1170.66px</dimen>
<dimen name="w_1757">1171.33px</dimen>
<dimen name="w_1758">1172.0px</dimen>
<dimen name="w_1759">1172.66px</dimen>
<dimen name="w_1760">1173.33px</dimen>
<dimen name="w_1761">1174.0px</dimen>
<dimen name="w_1762">1174.66px</dimen>
<dimen name="w_1763">1175.33px</dimen>
<dimen name="w_1764">1176.0px</dimen>
<dimen name="w_1765">1176.66px</dimen>
<dimen name="w_1766">1177.33px</dimen>
<dimen name="w_1767">1178.0px</dimen>
<dimen name="w_1768">1178.66px</dimen>
<dimen name="w_1769">1179.33px</dimen>
<dimen name="w_1770">1180.0px</dimen>
<dimen name="w_1771">1180.66px</dimen>
<dimen name="w_1772">1181.33px</dimen>
<dimen name="w_1773">1182.0px</dimen>
<dimen name="w_1774">1182.66px</dimen>
<dimen name="w_1775">1183.33px</dimen>
<dimen name="w_1776">1184.0px</dimen>
<dimen name="w_1777">1184.66px</dimen>
<dimen name="w_1778">1185.33px</dimen>
<dimen name="w_1779">1186.0px</dimen>
<dimen name="w_1780">1186.66px</dimen>
<dimen name="w_1781">1187.33px</dimen>
<dimen name="w_1782">1188.0px</dimen>
<dimen name="w_1783">1188.66px</dimen>
<dimen name="w_1784">1189.33px</dimen>
<dimen name="w_1785">1190.0px</dimen>
<dimen name="w_1786">1190.66px</dimen>
<dimen name="w_1787">1191.33px</dimen>
<dimen name="w_1788">1192.0px</dimen>
<dimen name="w_1789">1192.66px</dimen>
<dimen name="w_1790">1193.33px</dimen>
<dimen name="w_1791">1194.0px</dimen>
<dimen name="w_1792">1194.66px</dimen>
<dimen name="w_1793">1195.33px</dimen>
<dimen name="w_1794">1196.0px</dimen>
<dimen name="w_1795">1196.66px</dimen>
<dimen name="w_1796">1197.33px</dimen>
<dimen name="w_1797">1198.0px</dimen>
<dimen name="w_1798">1198.66px</dimen>
<dimen name="w_1799">1199.33px</dimen>
<dimen name="w_1800">1200.0px</dimen>
<dimen name="w_1801">1200.66px</dimen>
<dimen name="w_1802">1201.33px</dimen>
<dimen name="w_1803">1202.0px</dimen>
<dimen name="w_1804">1202.66px</dimen>
<dimen name="w_1805">1203.33px</dimen>
<dimen name="w_1806">1204.0px</dimen>
<dimen name="w_1807">1204.66px</dimen>
<dimen name="w_1808">1205.33px</dimen>
<dimen name="w_1809">1206.0px</dimen>
<dimen name="w_1810">1206.66px</dimen>
<dimen name="w_1811">1207.33px</dimen>
<dimen name="w_1812">1208.0px</dimen>
<dimen name="w_1813">1208.66px</dimen>
<dimen name="w_1814">1209.33px</dimen>
<dimen name="w_1815">1210.0px</dimen>
<dimen name="w_1816">1210.66px</dimen>
<dimen name="w_1817">1211.33px</dimen>
<dimen name="w_1818">1212.0px</dimen>
<dimen name="w_1819">1212.66px</dimen>
<dimen name="w_1820">1213.33px</dimen>
<dimen name="w_1821">1214.0px</dimen>
<dimen name="w_1822">1214.66px</dimen>
<dimen name="w_1823">1215.33px</dimen>
<dimen name="w_1824">1216.0px</dimen>
<dimen name="w_1825">1216.66px</dimen>
<dimen name="w_1826">1217.33px</dimen>
<dimen name="w_1827">1218.0px</dimen>
<dimen name="w_1828">1218.66px</dimen>
<dimen name="w_1829">1219.33px</dimen>
<dimen name="w_1830">1220.0px</dimen>
<dimen name="w_1831">1220.66px</dimen>
<dimen name="w_1832">1221.33px</dimen>
<dimen name="w_1833">1222.0px</dimen>
<dimen name="w_1834">1222.66px</dimen>
<dimen name="w_1835">1223.33px</dimen>
<dimen name="w_1836">1224.0px</dimen>
<dimen name="w_1837">1224.66px</dimen>
<dimen name="w_1838">1225.33px</dimen>
<dimen name="w_1839">1226.0px</dimen>
<dimen name="w_1840">1226.66px</dimen>
<dimen name="w_1841">1227.33px</dimen>
<dimen name="w_1842">1228.0px</dimen>
<dimen name="w_1843">1228.66px</dimen>
<dimen name="w_1844">1229.33px</dimen>
<dimen name="w_1845">1230.0px</dimen>
<dimen name="w_1846">1230.66px</dimen>
<dimen name="w_1847">1231.33px</dimen>
<dimen name="w_1848">1232.0px</dimen>
<dimen name="w_1849">1232.66px</dimen>
<dimen name="w_1850">1233.33px</dimen>
<dimen name="w_1851">1234.0px</dimen>
<dimen name="w_1852">1234.66px</dimen>
<dimen name="w_1853">1235.33px</dimen>
<dimen name="w_1854">1236.0px</dimen>
<dimen name="w_1855">1236.66px</dimen>
<dimen name="w_1856">1237.33px</dimen>
<dimen name="w_1857">1238.0px</dimen>
<dimen name="w_1858">1238.66px</dimen>
<dimen name="w_1859">1239.33px</dimen>
<dimen name="w_1860">1240.0px</dimen>
<dimen name="w_1861">1240.66px</dimen>
<dimen name="w_1862">1241.33px</dimen>
<dimen name="w_1863">1242.0px</dimen>
<dimen name="w_1864">1242.66px</dimen>
<dimen name="w_1865">1243.33px</dimen>
<dimen name="w_1866">1244.0px</dimen>
<dimen name="w_1867">1244.66px</dimen>
<dimen name="w_1868">1245.33px</dimen>
<dimen name="w_1869">1246.0px</dimen>
<dimen name="w_1870">1246.66px</dimen>
<dimen name="w_1871">1247.33px</dimen>
<dimen name="w_1872">1248.0px</dimen>
<dimen name="w_1873">1248.66px</dimen>
<dimen name="w_1874">1249.33px</dimen>
<dimen name="w_1875">1250.0px</dimen>
<dimen name="w_1876">1250.66px</dimen>
<dimen name="w_1877">1251.33px</dimen>
<dimen name="w_1878">1252.0px</dimen>
<dimen name="w_1879">1252.66px</dimen>
<dimen name="w_1880">1253.33px</dimen>
<dimen name="w_1881">1254.0px</dimen>
<dimen name="w_1882">1254.66px</dimen>
<dimen name="w_1883">1255.33px</dimen>
<dimen name="w_1884">1256.0px</dimen>
<dimen name="w_1885">1256.66px</dimen>
<dimen name="w_1886">1257.33px</dimen>
<dimen name="w_1887">1258.0px</dimen>
<dimen name="w_1888">1258.66px</dimen>
<dimen name="w_1889">1259.33px</dimen>
<dimen name="w_1890">1260.0px</dimen>
<dimen name="w_1891">1260.66px</dimen>
<dimen name="w_1892">1261.33px</dimen>
<dimen name="w_1893">1262.0px</dimen>
<dimen name="w_1894">1262.66px</dimen>
<dimen name="w_1895">1263.33px</dimen>
<dimen name="w_1896">1264.0px</dimen>
<dimen name="w_1897">1264.66px</dimen>
<dimen name="w_1898">1265.33px</dimen>
<dimen name="w_1899">1266.0px</dimen>
<dimen name="w_1900">1266.66px</dimen>
<dimen name="w_1901">1267.33px</dimen>
<dimen name="w_1902">1268.0px</dimen>
<dimen name="w_1903">1268.66px</dimen>
<dimen name="w_1904">1269.33px</dimen>
<dimen name="w_1905">1270.0px</dimen>
<dimen name="w_1906">1270.66px</dimen>
<dimen name="w_1907">1271.33px</dimen>
<dimen name="w_1908">1272.0px</dimen>
<dimen name="w_1909">1272.66px</dimen>
<dimen name="w_1910">1273.33px</dimen>
<dimen name="w_1911">1274.0px</dimen>
<dimen name="w_1912">1274.66px</dimen>
<dimen name="w_1913">1275.33px</dimen>
<dimen name="w_1914">1276.0px</dimen>
<dimen name="w_1915">1276.66px</dimen>
<dimen name="w_1916">1277.33px</dimen>
<dimen name="w_1917">1278.0px</dimen>
<dimen name="w_1918">1278.66px</dimen>
<dimen name="w_1919">1279.33px</dimen>
<dimen name="w_1920">1280px</dimen>
</resources>