<?xml version="1.0" encoding="utf-8"?>
<resources><dimen name="h_1">1.04px</dimen>
<dimen name="h_2">2.09px</dimen>
<dimen name="h_3">3.13px</dimen>
<dimen name="h_4">4.18px</dimen>
<dimen name="h_5">5.23px</dimen>
<dimen name="h_6">6.27px</dimen>
<dimen name="h_7">7.32px</dimen>
<dimen name="h_8">8.37px</dimen>
<dimen name="h_9">9.41px</dimen>
<dimen name="h_10">10.46px</dimen>
<dimen name="h_11">11.51px</dimen>
<dimen name="h_12">12.55px</dimen>
<dimen name="h_13">13.6px</dimen>
<dimen name="h_14">14.65px</dimen>
<dimen name="h_15">15.69px</dimen>
<dimen name="h_16">16.74px</dimen>
<dimen name="h_17">17.79px</dimen>
<dimen name="h_18">18.83px</dimen>
<dimen name="h_19">19.88px</dimen>
<dimen name="h_20">20.93px</dimen>
<dimen name="h_21">21.97px</dimen>
<dimen name="h_22">23.02px</dimen>
<dimen name="h_23">24.06px</dimen>
<dimen name="h_24">25.11px</dimen>
<dimen name="h_25">26.16px</dimen>
<dimen name="h_26">27.2px</dimen>
<dimen name="h_27">28.25px</dimen>
<dimen name="h_28">29.3px</dimen>
<dimen name="h_29">30.34px</dimen>
<dimen name="h_30">31.39px</dimen>
<dimen name="h_31">32.44px</dimen>
<dimen name="h_32">33.48px</dimen>
<dimen name="h_33">34.53px</dimen>
<dimen name="h_34">35.58px</dimen>
<dimen name="h_35">36.62px</dimen>
<dimen name="h_36">37.67px</dimen>
<dimen name="h_37">38.72px</dimen>
<dimen name="h_38">39.76px</dimen>
<dimen name="h_39">40.81px</dimen>
<dimen name="h_40">41.86px</dimen>
<dimen name="h_41">42.9px</dimen>
<dimen name="h_42">43.95px</dimen>
<dimen name="h_43">45.0px</dimen>
<dimen name="h_44">46.04px</dimen>
<dimen name="h_45">47.09px</dimen>
<dimen name="h_46">48.13px</dimen>
<dimen name="h_47">49.18px</dimen>
<dimen name="h_48">50.23px</dimen>
<dimen name="h_49">51.27px</dimen>
<dimen name="h_50">52.32px</dimen>
<dimen name="h_51">53.37px</dimen>
<dimen name="h_52">54.41px</dimen>
<dimen name="h_53">55.46px</dimen>
<dimen name="h_54">56.51px</dimen>
<dimen name="h_55">57.55px</dimen>
<dimen name="h_56">58.6px</dimen>
<dimen name="h_57">59.65px</dimen>
<dimen name="h_58">60.69px</dimen>
<dimen name="h_59">61.74px</dimen>
<dimen name="h_60">62.79px</dimen>
<dimen name="h_61">63.83px</dimen>
<dimen name="h_62">64.88px</dimen>
<dimen name="h_63">65.93px</dimen>
<dimen name="h_64">66.97px</dimen>
<dimen name="h_65">68.02px</dimen>
<dimen name="h_66">69.06px</dimen>
<dimen name="h_67">70.11px</dimen>
<dimen name="h_68">71.16px</dimen>
<dimen name="h_69">72.2px</dimen>
<dimen name="h_70">73.25px</dimen>
<dimen name="h_71">74.3px</dimen>
<dimen name="h_72">75.34px</dimen>
<dimen name="h_73">76.39px</dimen>
<dimen name="h_74">77.44px</dimen>
<dimen name="h_75">78.48px</dimen>
<dimen name="h_76">79.53px</dimen>
<dimen name="h_77">80.58px</dimen>
<dimen name="h_78">81.62px</dimen>
<dimen name="h_79">82.67px</dimen>
<dimen name="h_80">83.72px</dimen>
<dimen name="h_81">84.76px</dimen>
<dimen name="h_82">85.81px</dimen>
<dimen name="h_83">86.86px</dimen>
<dimen name="h_84">87.9px</dimen>
<dimen name="h_85">88.95px</dimen>
<dimen name="h_86">90.0px</dimen>
<dimen name="h_87">91.04px</dimen>
<dimen name="h_88">92.09px</dimen>
<dimen name="h_89">93.13px</dimen>
<dimen name="h_90">94.18px</dimen>
<dimen name="h_91">95.23px</dimen>
<dimen name="h_92">96.27px</dimen>
<dimen name="h_93">97.32px</dimen>
<dimen name="h_94">98.37px</dimen>
<dimen name="h_95">99.41px</dimen>
<dimen name="h_96">100.46px</dimen>
<dimen name="h_97">101.51px</dimen>
<dimen name="h_98">102.55px</dimen>
<dimen name="h_99">103.6px</dimen>
<dimen name="h_100">104.65px</dimen>
<dimen name="h_101">105.69px</dimen>
<dimen name="h_102">106.74px</dimen>
<dimen name="h_103">107.79px</dimen>
<dimen name="h_104">108.83px</dimen>
<dimen name="h_105">109.88px</dimen>
<dimen name="h_106">110.93px</dimen>
<dimen name="h_107">111.97px</dimen>
<dimen name="h_108">113.02px</dimen>
<dimen name="h_109">114.06px</dimen>
<dimen name="h_110">115.11px</dimen>
<dimen name="h_111">116.16px</dimen>
<dimen name="h_112">117.2px</dimen>
<dimen name="h_113">118.25px</dimen>
<dimen name="h_114">119.3px</dimen>
<dimen name="h_115">120.34px</dimen>
<dimen name="h_116">121.39px</dimen>
<dimen name="h_117">122.44px</dimen>
<dimen name="h_118">123.48px</dimen>
<dimen name="h_119">124.53px</dimen>
<dimen name="h_120">125.58px</dimen>
<dimen name="h_121">126.62px</dimen>
<dimen name="h_122">127.67px</dimen>
<dimen name="h_123">128.72px</dimen>
<dimen name="h_124">129.76px</dimen>
<dimen name="h_125">130.81px</dimen>
<dimen name="h_126">131.86px</dimen>
<dimen name="h_127">132.9px</dimen>
<dimen name="h_128">133.95px</dimen>
<dimen name="h_129">135.0px</dimen>
<dimen name="h_130">136.04px</dimen>
<dimen name="h_131">137.09px</dimen>
<dimen name="h_132">138.13px</dimen>
<dimen name="h_133">139.18px</dimen>
<dimen name="h_134">140.23px</dimen>
<dimen name="h_135">141.27px</dimen>
<dimen name="h_136">142.32px</dimen>
<dimen name="h_137">143.37px</dimen>
<dimen name="h_138">144.41px</dimen>
<dimen name="h_139">145.46px</dimen>
<dimen name="h_140">146.51px</dimen>
<dimen name="h_141">147.55px</dimen>
<dimen name="h_142">148.6px</dimen>
<dimen name="h_143">149.65px</dimen>
<dimen name="h_144">150.69px</dimen>
<dimen name="h_145">151.74px</dimen>
<dimen name="h_146">152.79px</dimen>
<dimen name="h_147">153.83px</dimen>
<dimen name="h_148">154.88px</dimen>
<dimen name="h_149">155.93px</dimen>
<dimen name="h_150">156.97px</dimen>
<dimen name="h_151">158.02px</dimen>
<dimen name="h_152">159.06px</dimen>
<dimen name="h_153">160.11px</dimen>
<dimen name="h_154">161.16px</dimen>
<dimen name="h_155">162.2px</dimen>
<dimen name="h_156">163.25px</dimen>
<dimen name="h_157">164.3px</dimen>
<dimen name="h_158">165.34px</dimen>
<dimen name="h_159">166.39px</dimen>
<dimen name="h_160">167.44px</dimen>
<dimen name="h_161">168.48px</dimen>
<dimen name="h_162">169.53px</dimen>
<dimen name="h_163">170.58px</dimen>
<dimen name="h_164">171.62px</dimen>
<dimen name="h_165">172.67px</dimen>
<dimen name="h_166">173.72px</dimen>
<dimen name="h_167">174.76px</dimen>
<dimen name="h_168">175.81px</dimen>
<dimen name="h_169">176.86px</dimen>
<dimen name="h_170">177.9px</dimen>
<dimen name="h_171">178.95px</dimen>
<dimen name="h_172">180.0px</dimen>
<dimen name="h_173">181.04px</dimen>
<dimen name="h_174">182.09px</dimen>
<dimen name="h_175">183.13px</dimen>
<dimen name="h_176">184.18px</dimen>
<dimen name="h_177">185.23px</dimen>
<dimen name="h_178">186.27px</dimen>
<dimen name="h_179">187.32px</dimen>
<dimen name="h_180">188.37px</dimen>
<dimen name="h_181">189.41px</dimen>
<dimen name="h_182">190.46px</dimen>
<dimen name="h_183">191.51px</dimen>
<dimen name="h_184">192.55px</dimen>
<dimen name="h_185">193.6px</dimen>
<dimen name="h_186">194.65px</dimen>
<dimen name="h_187">195.69px</dimen>
<dimen name="h_188">196.74px</dimen>
<dimen name="h_189">197.79px</dimen>
<dimen name="h_190">198.83px</dimen>
<dimen name="h_191">199.88px</dimen>
<dimen name="h_192">200.93px</dimen>
<dimen name="h_193">201.97px</dimen>
<dimen name="h_194">203.02px</dimen>
<dimen name="h_195">204.06px</dimen>
<dimen name="h_196">205.11px</dimen>
<dimen name="h_197">206.16px</dimen>
<dimen name="h_198">207.2px</dimen>
<dimen name="h_199">208.25px</dimen>
<dimen name="h_200">209.3px</dimen>
<dimen name="h_201">210.34px</dimen>
<dimen name="h_202">211.39px</dimen>
<dimen name="h_203">212.44px</dimen>
<dimen name="h_204">213.48px</dimen>
<dimen name="h_205">214.53px</dimen>
<dimen name="h_206">215.58px</dimen>
<dimen name="h_207">216.62px</dimen>
<dimen name="h_208">217.67px</dimen>
<dimen name="h_209">218.72px</dimen>
<dimen name="h_210">219.76px</dimen>
<dimen name="h_211">220.81px</dimen>
<dimen name="h_212">221.86px</dimen>
<dimen name="h_213">222.9px</dimen>
<dimen name="h_214">223.95px</dimen>
<dimen name="h_215">225.0px</dimen>
<dimen name="h_216">226.04px</dimen>
<dimen name="h_217">227.09px</dimen>
<dimen name="h_218">228.13px</dimen>
<dimen name="h_219">229.18px</dimen>
<dimen name="h_220">230.23px</dimen>
<dimen name="h_221">231.27px</dimen>
<dimen name="h_222">232.32px</dimen>
<dimen name="h_223">233.37px</dimen>
<dimen name="h_224">234.41px</dimen>
<dimen name="h_225">235.46px</dimen>
<dimen name="h_226">236.51px</dimen>
<dimen name="h_227">237.55px</dimen>
<dimen name="h_228">238.6px</dimen>
<dimen name="h_229">239.65px</dimen>
<dimen name="h_230">240.69px</dimen>
<dimen name="h_231">241.74px</dimen>
<dimen name="h_232">242.79px</dimen>
<dimen name="h_233">243.83px</dimen>
<dimen name="h_234">244.88px</dimen>
<dimen name="h_235">245.93px</dimen>
<dimen name="h_236">246.97px</dimen>
<dimen name="h_237">248.02px</dimen>
<dimen name="h_238">249.06px</dimen>
<dimen name="h_239">250.11px</dimen>
<dimen name="h_240">251.16px</dimen>
<dimen name="h_241">252.2px</dimen>
<dimen name="h_242">253.25px</dimen>
<dimen name="h_243">254.3px</dimen>
<dimen name="h_244">255.34px</dimen>
<dimen name="h_245">256.39px</dimen>
<dimen name="h_246">257.44px</dimen>
<dimen name="h_247">258.48px</dimen>
<dimen name="h_248">259.53px</dimen>
<dimen name="h_249">260.58px</dimen>
<dimen name="h_250">261.62px</dimen>
<dimen name="h_251">262.67px</dimen>
<dimen name="h_252">263.72px</dimen>
<dimen name="h_253">264.76px</dimen>
<dimen name="h_254">265.81px</dimen>
<dimen name="h_255">266.86px</dimen>
<dimen name="h_256">267.9px</dimen>
<dimen name="h_257">268.95px</dimen>
<dimen name="h_258">270.0px</dimen>
<dimen name="h_259">271.04px</dimen>
<dimen name="h_260">272.09px</dimen>
<dimen name="h_261">273.13px</dimen>
<dimen name="h_262">274.18px</dimen>
<dimen name="h_263">275.23px</dimen>
<dimen name="h_264">276.27px</dimen>
<dimen name="h_265">277.32px</dimen>
<dimen name="h_266">278.37px</dimen>
<dimen name="h_267">279.41px</dimen>
<dimen name="h_268">280.46px</dimen>
<dimen name="h_269">281.51px</dimen>
<dimen name="h_270">282.55px</dimen>
<dimen name="h_271">283.6px</dimen>
<dimen name="h_272">284.65px</dimen>
<dimen name="h_273">285.69px</dimen>
<dimen name="h_274">286.74px</dimen>
<dimen name="h_275">287.79px</dimen>
<dimen name="h_276">288.83px</dimen>
<dimen name="h_277">289.88px</dimen>
<dimen name="h_278">290.93px</dimen>
<dimen name="h_279">291.97px</dimen>
<dimen name="h_280">293.02px</dimen>
<dimen name="h_281">294.06px</dimen>
<dimen name="h_282">295.11px</dimen>
<dimen name="h_283">296.16px</dimen>
<dimen name="h_284">297.2px</dimen>
<dimen name="h_285">298.25px</dimen>
<dimen name="h_286">299.3px</dimen>
<dimen name="h_287">300.34px</dimen>
<dimen name="h_288">301.39px</dimen>
<dimen name="h_289">302.44px</dimen>
<dimen name="h_290">303.48px</dimen>
<dimen name="h_291">304.53px</dimen>
<dimen name="h_292">305.58px</dimen>
<dimen name="h_293">306.62px</dimen>
<dimen name="h_294">307.67px</dimen>
<dimen name="h_295">308.72px</dimen>
<dimen name="h_296">309.76px</dimen>
<dimen name="h_297">310.81px</dimen>
<dimen name="h_298">311.86px</dimen>
<dimen name="h_299">312.9px</dimen>
<dimen name="h_300">313.95px</dimen>
<dimen name="h_301">315.0px</dimen>
<dimen name="h_302">316.04px</dimen>
<dimen name="h_303">317.09px</dimen>
<dimen name="h_304">318.13px</dimen>
<dimen name="h_305">319.18px</dimen>
<dimen name="h_306">320.23px</dimen>
<dimen name="h_307">321.27px</dimen>
<dimen name="h_308">322.32px</dimen>
<dimen name="h_309">323.37px</dimen>
<dimen name="h_310">324.41px</dimen>
<dimen name="h_311">325.46px</dimen>
<dimen name="h_312">326.51px</dimen>
<dimen name="h_313">327.55px</dimen>
<dimen name="h_314">328.6px</dimen>
<dimen name="h_315">329.65px</dimen>
<dimen name="h_316">330.69px</dimen>
<dimen name="h_317">331.74px</dimen>
<dimen name="h_318">332.79px</dimen>
<dimen name="h_319">333.83px</dimen>
<dimen name="h_320">334.88px</dimen>
<dimen name="h_321">335.93px</dimen>
<dimen name="h_322">336.97px</dimen>
<dimen name="h_323">338.02px</dimen>
<dimen name="h_324">339.06px</dimen>
<dimen name="h_325">340.11px</dimen>
<dimen name="h_326">341.16px</dimen>
<dimen name="h_327">342.2px</dimen>
<dimen name="h_328">343.25px</dimen>
<dimen name="h_329">344.3px</dimen>
<dimen name="h_330">345.34px</dimen>
<dimen name="h_331">346.39px</dimen>
<dimen name="h_332">347.44px</dimen>
<dimen name="h_333">348.48px</dimen>
<dimen name="h_334">349.53px</dimen>
<dimen name="h_335">350.58px</dimen>
<dimen name="h_336">351.62px</dimen>
<dimen name="h_337">352.67px</dimen>
<dimen name="h_338">353.72px</dimen>
<dimen name="h_339">354.76px</dimen>
<dimen name="h_340">355.81px</dimen>
<dimen name="h_341">356.86px</dimen>
<dimen name="h_342">357.9px</dimen>
<dimen name="h_343">358.95px</dimen>
<dimen name="h_344">360.0px</dimen>
<dimen name="h_345">361.04px</dimen>
<dimen name="h_346">362.09px</dimen>
<dimen name="h_347">363.13px</dimen>
<dimen name="h_348">364.18px</dimen>
<dimen name="h_349">365.23px</dimen>
<dimen name="h_350">366.27px</dimen>
<dimen name="h_351">367.32px</dimen>
<dimen name="h_352">368.37px</dimen>
<dimen name="h_353">369.41px</dimen>
<dimen name="h_354">370.46px</dimen>
<dimen name="h_355">371.51px</dimen>
<dimen name="h_356">372.55px</dimen>
<dimen name="h_357">373.6px</dimen>
<dimen name="h_358">374.65px</dimen>
<dimen name="h_359">375.69px</dimen>
<dimen name="h_360">376.74px</dimen>
<dimen name="h_361">377.79px</dimen>
<dimen name="h_362">378.83px</dimen>
<dimen name="h_363">379.88px</dimen>
<dimen name="h_364">380.93px</dimen>
<dimen name="h_365">381.97px</dimen>
<dimen name="h_366">383.02px</dimen>
<dimen name="h_367">384.06px</dimen>
<dimen name="h_368">385.11px</dimen>
<dimen name="h_369">386.16px</dimen>
<dimen name="h_370">387.2px</dimen>
<dimen name="h_371">388.25px</dimen>
<dimen name="h_372">389.3px</dimen>
<dimen name="h_373">390.34px</dimen>
<dimen name="h_374">391.39px</dimen>
<dimen name="h_375">392.44px</dimen>
<dimen name="h_376">393.48px</dimen>
<dimen name="h_377">394.53px</dimen>
<dimen name="h_378">395.58px</dimen>
<dimen name="h_379">396.62px</dimen>
<dimen name="h_380">397.67px</dimen>
<dimen name="h_381">398.72px</dimen>
<dimen name="h_382">399.76px</dimen>
<dimen name="h_383">400.81px</dimen>
<dimen name="h_384">401.86px</dimen>
<dimen name="h_385">402.9px</dimen>
<dimen name="h_386">403.95px</dimen>
<dimen name="h_387">405.0px</dimen>
<dimen name="h_388">406.04px</dimen>
<dimen name="h_389">407.09px</dimen>
<dimen name="h_390">408.13px</dimen>
<dimen name="h_391">409.18px</dimen>
<dimen name="h_392">410.23px</dimen>
<dimen name="h_393">411.27px</dimen>
<dimen name="h_394">412.32px</dimen>
<dimen name="h_395">413.37px</dimen>
<dimen name="h_396">414.41px</dimen>
<dimen name="h_397">415.46px</dimen>
<dimen name="h_398">416.51px</dimen>
<dimen name="h_399">417.55px</dimen>
<dimen name="h_400">418.6px</dimen>
<dimen name="h_401">419.65px</dimen>
<dimen name="h_402">420.69px</dimen>
<dimen name="h_403">421.74px</dimen>
<dimen name="h_404">422.79px</dimen>
<dimen name="h_405">423.83px</dimen>
<dimen name="h_406">424.88px</dimen>
<dimen name="h_407">425.93px</dimen>
<dimen name="h_408">426.97px</dimen>
<dimen name="h_409">428.02px</dimen>
<dimen name="h_410">429.06px</dimen>
<dimen name="h_411">430.11px</dimen>
<dimen name="h_412">431.16px</dimen>
<dimen name="h_413">432.2px</dimen>
<dimen name="h_414">433.25px</dimen>
<dimen name="h_415">434.3px</dimen>
<dimen name="h_416">435.34px</dimen>
<dimen name="h_417">436.39px</dimen>
<dimen name="h_418">437.44px</dimen>
<dimen name="h_419">438.48px</dimen>
<dimen name="h_420">439.53px</dimen>
<dimen name="h_421">440.58px</dimen>
<dimen name="h_422">441.62px</dimen>
<dimen name="h_423">442.67px</dimen>
<dimen name="h_424">443.72px</dimen>
<dimen name="h_425">444.76px</dimen>
<dimen name="h_426">445.81px</dimen>
<dimen name="h_427">446.86px</dimen>
<dimen name="h_428">447.9px</dimen>
<dimen name="h_429">448.95px</dimen>
<dimen name="h_430">450.0px</dimen>
<dimen name="h_431">451.04px</dimen>
<dimen name="h_432">452.09px</dimen>
<dimen name="h_433">453.13px</dimen>
<dimen name="h_434">454.18px</dimen>
<dimen name="h_435">455.23px</dimen>
<dimen name="h_436">456.27px</dimen>
<dimen name="h_437">457.32px</dimen>
<dimen name="h_438">458.37px</dimen>
<dimen name="h_439">459.41px</dimen>
<dimen name="h_440">460.46px</dimen>
<dimen name="h_441">461.51px</dimen>
<dimen name="h_442">462.55px</dimen>
<dimen name="h_443">463.6px</dimen>
<dimen name="h_444">464.65px</dimen>
<dimen name="h_445">465.69px</dimen>
<dimen name="h_446">466.74px</dimen>
<dimen name="h_447">467.79px</dimen>
<dimen name="h_448">468.83px</dimen>
<dimen name="h_449">469.88px</dimen>
<dimen name="h_450">470.93px</dimen>
<dimen name="h_451">471.97px</dimen>
<dimen name="h_452">473.02px</dimen>
<dimen name="h_453">474.06px</dimen>
<dimen name="h_454">475.11px</dimen>
<dimen name="h_455">476.16px</dimen>
<dimen name="h_456">477.2px</dimen>
<dimen name="h_457">478.25px</dimen>
<dimen name="h_458">479.3px</dimen>
<dimen name="h_459">480.34px</dimen>
<dimen name="h_460">481.39px</dimen>
<dimen name="h_461">482.44px</dimen>
<dimen name="h_462">483.48px</dimen>
<dimen name="h_463">484.53px</dimen>
<dimen name="h_464">485.58px</dimen>
<dimen name="h_465">486.62px</dimen>
<dimen name="h_466">487.67px</dimen>
<dimen name="h_467">488.72px</dimen>
<dimen name="h_468">489.76px</dimen>
<dimen name="h_469">490.81px</dimen>
<dimen name="h_470">491.86px</dimen>
<dimen name="h_471">492.9px</dimen>
<dimen name="h_472">493.95px</dimen>
<dimen name="h_473">495.0px</dimen>
<dimen name="h_474">496.04px</dimen>
<dimen name="h_475">497.09px</dimen>
<dimen name="h_476">498.13px</dimen>
<dimen name="h_477">499.18px</dimen>
<dimen name="h_478">500.23px</dimen>
<dimen name="h_479">501.27px</dimen>
<dimen name="h_480">502.32px</dimen>
<dimen name="h_481">503.37px</dimen>
<dimen name="h_482">504.41px</dimen>
<dimen name="h_483">505.46px</dimen>
<dimen name="h_484">506.51px</dimen>
<dimen name="h_485">507.55px</dimen>
<dimen name="h_486">508.6px</dimen>
<dimen name="h_487">509.65px</dimen>
<dimen name="h_488">510.69px</dimen>
<dimen name="h_489">511.74px</dimen>
<dimen name="h_490">512.79px</dimen>
<dimen name="h_491">513.83px</dimen>
<dimen name="h_492">514.88px</dimen>
<dimen name="h_493">515.93px</dimen>
<dimen name="h_494">516.97px</dimen>
<dimen name="h_495">518.02px</dimen>
<dimen name="h_496">519.06px</dimen>
<dimen name="h_497">520.11px</dimen>
<dimen name="h_498">521.16px</dimen>
<dimen name="h_499">522.2px</dimen>
<dimen name="h_500">523.25px</dimen>
<dimen name="h_501">524.3px</dimen>
<dimen name="h_502">525.34px</dimen>
<dimen name="h_503">526.39px</dimen>
<dimen name="h_504">527.44px</dimen>
<dimen name="h_505">528.48px</dimen>
<dimen name="h_506">529.53px</dimen>
<dimen name="h_507">530.58px</dimen>
<dimen name="h_508">531.62px</dimen>
<dimen name="h_509">532.67px</dimen>
<dimen name="h_510">533.72px</dimen>
<dimen name="h_511">534.76px</dimen>
<dimen name="h_512">535.81px</dimen>
<dimen name="h_513">536.86px</dimen>
<dimen name="h_514">537.9px</dimen>
<dimen name="h_515">538.95px</dimen>
<dimen name="h_516">540.0px</dimen>
<dimen name="h_517">541.04px</dimen>
<dimen name="h_518">542.09px</dimen>
<dimen name="h_519">543.13px</dimen>
<dimen name="h_520">544.18px</dimen>
<dimen name="h_521">545.23px</dimen>
<dimen name="h_522">546.27px</dimen>
<dimen name="h_523">547.32px</dimen>
<dimen name="h_524">548.37px</dimen>
<dimen name="h_525">549.41px</dimen>
<dimen name="h_526">550.46px</dimen>
<dimen name="h_527">551.51px</dimen>
<dimen name="h_528">552.55px</dimen>
<dimen name="h_529">553.6px</dimen>
<dimen name="h_530">554.65px</dimen>
<dimen name="h_531">555.69px</dimen>
<dimen name="h_532">556.74px</dimen>
<dimen name="h_533">557.79px</dimen>
<dimen name="h_534">558.83px</dimen>
<dimen name="h_535">559.88px</dimen>
<dimen name="h_536">560.93px</dimen>
<dimen name="h_537">561.97px</dimen>
<dimen name="h_538">563.02px</dimen>
<dimen name="h_539">564.06px</dimen>
<dimen name="h_540">565.11px</dimen>
<dimen name="h_541">566.16px</dimen>
<dimen name="h_542">567.2px</dimen>
<dimen name="h_543">568.25px</dimen>
<dimen name="h_544">569.3px</dimen>
<dimen name="h_545">570.34px</dimen>
<dimen name="h_546">571.39px</dimen>
<dimen name="h_547">572.44px</dimen>
<dimen name="h_548">573.48px</dimen>
<dimen name="h_549">574.53px</dimen>
<dimen name="h_550">575.58px</dimen>
<dimen name="h_551">576.62px</dimen>
<dimen name="h_552">577.67px</dimen>
<dimen name="h_553">578.72px</dimen>
<dimen name="h_554">579.76px</dimen>
<dimen name="h_555">580.81px</dimen>
<dimen name="h_556">581.86px</dimen>
<dimen name="h_557">582.9px</dimen>
<dimen name="h_558">583.95px</dimen>
<dimen name="h_559">585.0px</dimen>
<dimen name="h_560">586.04px</dimen>
<dimen name="h_561">587.09px</dimen>
<dimen name="h_562">588.13px</dimen>
<dimen name="h_563">589.18px</dimen>
<dimen name="h_564">590.23px</dimen>
<dimen name="h_565">591.27px</dimen>
<dimen name="h_566">592.32px</dimen>
<dimen name="h_567">593.37px</dimen>
<dimen name="h_568">594.41px</dimen>
<dimen name="h_569">595.46px</dimen>
<dimen name="h_570">596.51px</dimen>
<dimen name="h_571">597.55px</dimen>
<dimen name="h_572">598.6px</dimen>
<dimen name="h_573">599.65px</dimen>
<dimen name="h_574">600.69px</dimen>
<dimen name="h_575">601.74px</dimen>
<dimen name="h_576">602.79px</dimen>
<dimen name="h_577">603.83px</dimen>
<dimen name="h_578">604.88px</dimen>
<dimen name="h_579">605.93px</dimen>
<dimen name="h_580">606.97px</dimen>
<dimen name="h_581">608.02px</dimen>
<dimen name="h_582">609.06px</dimen>
<dimen name="h_583">610.11px</dimen>
<dimen name="h_584">611.16px</dimen>
<dimen name="h_585">612.2px</dimen>
<dimen name="h_586">613.25px</dimen>
<dimen name="h_587">614.3px</dimen>
<dimen name="h_588">615.34px</dimen>
<dimen name="h_589">616.39px</dimen>
<dimen name="h_590">617.44px</dimen>
<dimen name="h_591">618.48px</dimen>
<dimen name="h_592">619.53px</dimen>
<dimen name="h_593">620.58px</dimen>
<dimen name="h_594">621.62px</dimen>
<dimen name="h_595">622.67px</dimen>
<dimen name="h_596">623.72px</dimen>
<dimen name="h_597">624.76px</dimen>
<dimen name="h_598">625.81px</dimen>
<dimen name="h_599">626.86px</dimen>
<dimen name="h_600">627.9px</dimen>
<dimen name="h_601">628.95px</dimen>
<dimen name="h_602">630.0px</dimen>
<dimen name="h_603">631.04px</dimen>
<dimen name="h_604">632.09px</dimen>
<dimen name="h_605">633.13px</dimen>
<dimen name="h_606">634.18px</dimen>
<dimen name="h_607">635.23px</dimen>
<dimen name="h_608">636.27px</dimen>
<dimen name="h_609">637.32px</dimen>
<dimen name="h_610">638.37px</dimen>
<dimen name="h_611">639.41px</dimen>
<dimen name="h_612">640.46px</dimen>
<dimen name="h_613">641.51px</dimen>
<dimen name="h_614">642.55px</dimen>
<dimen name="h_615">643.6px</dimen>
<dimen name="h_616">644.65px</dimen>
<dimen name="h_617">645.69px</dimen>
<dimen name="h_618">646.74px</dimen>
<dimen name="h_619">647.79px</dimen>
<dimen name="h_620">648.83px</dimen>
<dimen name="h_621">649.88px</dimen>
<dimen name="h_622">650.93px</dimen>
<dimen name="h_623">651.97px</dimen>
<dimen name="h_624">653.02px</dimen>
<dimen name="h_625">654.06px</dimen>
<dimen name="h_626">655.11px</dimen>
<dimen name="h_627">656.16px</dimen>
<dimen name="h_628">657.2px</dimen>
<dimen name="h_629">658.25px</dimen>
<dimen name="h_630">659.3px</dimen>
<dimen name="h_631">660.34px</dimen>
<dimen name="h_632">661.39px</dimen>
<dimen name="h_633">662.44px</dimen>
<dimen name="h_634">663.48px</dimen>
<dimen name="h_635">664.53px</dimen>
<dimen name="h_636">665.58px</dimen>
<dimen name="h_637">666.62px</dimen>
<dimen name="h_638">667.67px</dimen>
<dimen name="h_639">668.72px</dimen>
<dimen name="h_640">669.76px</dimen>
<dimen name="h_641">670.81px</dimen>
<dimen name="h_642">671.86px</dimen>
<dimen name="h_643">672.9px</dimen>
<dimen name="h_644">673.95px</dimen>
<dimen name="h_645">675.0px</dimen>
<dimen name="h_646">676.04px</dimen>
<dimen name="h_647">677.09px</dimen>
<dimen name="h_648">678.13px</dimen>
<dimen name="h_649">679.18px</dimen>
<dimen name="h_650">680.23px</dimen>
<dimen name="h_651">681.27px</dimen>
<dimen name="h_652">682.32px</dimen>
<dimen name="h_653">683.37px</dimen>
<dimen name="h_654">684.41px</dimen>
<dimen name="h_655">685.46px</dimen>
<dimen name="h_656">686.51px</dimen>
<dimen name="h_657">687.55px</dimen>
<dimen name="h_658">688.6px</dimen>
<dimen name="h_659">689.65px</dimen>
<dimen name="h_660">690.69px</dimen>
<dimen name="h_661">691.74px</dimen>
<dimen name="h_662">692.79px</dimen>
<dimen name="h_663">693.83px</dimen>
<dimen name="h_664">694.88px</dimen>
<dimen name="h_665">695.93px</dimen>
<dimen name="h_666">696.97px</dimen>
<dimen name="h_667">698.02px</dimen>
<dimen name="h_668">699.06px</dimen>
<dimen name="h_669">700.11px</dimen>
<dimen name="h_670">701.16px</dimen>
<dimen name="h_671">702.2px</dimen>
<dimen name="h_672">703.25px</dimen>
<dimen name="h_673">704.3px</dimen>
<dimen name="h_674">705.34px</dimen>
<dimen name="h_675">706.39px</dimen>
<dimen name="h_676">707.44px</dimen>
<dimen name="h_677">708.48px</dimen>
<dimen name="h_678">709.53px</dimen>
<dimen name="h_679">710.58px</dimen>
<dimen name="h_680">711.62px</dimen>
<dimen name="h_681">712.67px</dimen>
<dimen name="h_682">713.72px</dimen>
<dimen name="h_683">714.76px</dimen>
<dimen name="h_684">715.81px</dimen>
<dimen name="h_685">716.86px</dimen>
<dimen name="h_686">717.9px</dimen>
<dimen name="h_687">718.95px</dimen>
<dimen name="h_688">720.0px</dimen>
<dimen name="h_689">721.04px</dimen>
<dimen name="h_690">722.09px</dimen>
<dimen name="h_691">723.13px</dimen>
<dimen name="h_692">724.18px</dimen>
<dimen name="h_693">725.23px</dimen>
<dimen name="h_694">726.27px</dimen>
<dimen name="h_695">727.32px</dimen>
<dimen name="h_696">728.37px</dimen>
<dimen name="h_697">729.41px</dimen>
<dimen name="h_698">730.46px</dimen>
<dimen name="h_699">731.51px</dimen>
<dimen name="h_700">732.55px</dimen>
<dimen name="h_701">733.6px</dimen>
<dimen name="h_702">734.65px</dimen>
<dimen name="h_703">735.69px</dimen>
<dimen name="h_704">736.74px</dimen>
<dimen name="h_705">737.79px</dimen>
<dimen name="h_706">738.83px</dimen>
<dimen name="h_707">739.88px</dimen>
<dimen name="h_708">740.93px</dimen>
<dimen name="h_709">741.97px</dimen>
<dimen name="h_710">743.02px</dimen>
<dimen name="h_711">744.06px</dimen>
<dimen name="h_712">745.11px</dimen>
<dimen name="h_713">746.16px</dimen>
<dimen name="h_714">747.2px</dimen>
<dimen name="h_715">748.25px</dimen>
<dimen name="h_716">749.3px</dimen>
<dimen name="h_717">750.34px</dimen>
<dimen name="h_718">751.39px</dimen>
<dimen name="h_719">752.44px</dimen>
<dimen name="h_720">753.48px</dimen>
<dimen name="h_721">754.53px</dimen>
<dimen name="h_722">755.58px</dimen>
<dimen name="h_723">756.62px</dimen>
<dimen name="h_724">757.67px</dimen>
<dimen name="h_725">758.72px</dimen>
<dimen name="h_726">759.76px</dimen>
<dimen name="h_727">760.81px</dimen>
<dimen name="h_728">761.86px</dimen>
<dimen name="h_729">762.9px</dimen>
<dimen name="h_730">763.95px</dimen>
<dimen name="h_731">765.0px</dimen>
<dimen name="h_732">766.04px</dimen>
<dimen name="h_733">767.09px</dimen>
<dimen name="h_734">768.13px</dimen>
<dimen name="h_735">769.18px</dimen>
<dimen name="h_736">770.23px</dimen>
<dimen name="h_737">771.27px</dimen>
<dimen name="h_738">772.32px</dimen>
<dimen name="h_739">773.37px</dimen>
<dimen name="h_740">774.41px</dimen>
<dimen name="h_741">775.46px</dimen>
<dimen name="h_742">776.51px</dimen>
<dimen name="h_743">777.55px</dimen>
<dimen name="h_744">778.6px</dimen>
<dimen name="h_745">779.65px</dimen>
<dimen name="h_746">780.69px</dimen>
<dimen name="h_747">781.74px</dimen>
<dimen name="h_748">782.79px</dimen>
<dimen name="h_749">783.83px</dimen>
<dimen name="h_750">784.88px</dimen>
<dimen name="h_751">785.93px</dimen>
<dimen name="h_752">786.97px</dimen>
<dimen name="h_753">788.02px</dimen>
<dimen name="h_754">789.06px</dimen>
<dimen name="h_755">790.11px</dimen>
<dimen name="h_756">791.16px</dimen>
<dimen name="h_757">792.2px</dimen>
<dimen name="h_758">793.25px</dimen>
<dimen name="h_759">794.3px</dimen>
<dimen name="h_760">795.34px</dimen>
<dimen name="h_761">796.39px</dimen>
<dimen name="h_762">797.44px</dimen>
<dimen name="h_763">798.48px</dimen>
<dimen name="h_764">799.53px</dimen>
<dimen name="h_765">800.58px</dimen>
<dimen name="h_766">801.62px</dimen>
<dimen name="h_767">802.67px</dimen>
<dimen name="h_768">803.72px</dimen>
<dimen name="h_769">804.76px</dimen>
<dimen name="h_770">805.81px</dimen>
<dimen name="h_771">806.86px</dimen>
<dimen name="h_772">807.9px</dimen>
<dimen name="h_773">808.95px</dimen>
<dimen name="h_774">810.0px</dimen>
<dimen name="h_775">811.04px</dimen>
<dimen name="h_776">812.09px</dimen>
<dimen name="h_777">813.13px</dimen>
<dimen name="h_778">814.18px</dimen>
<dimen name="h_779">815.23px</dimen>
<dimen name="h_780">816.27px</dimen>
<dimen name="h_781">817.32px</dimen>
<dimen name="h_782">818.37px</dimen>
<dimen name="h_783">819.41px</dimen>
<dimen name="h_784">820.46px</dimen>
<dimen name="h_785">821.51px</dimen>
<dimen name="h_786">822.55px</dimen>
<dimen name="h_787">823.6px</dimen>
<dimen name="h_788">824.65px</dimen>
<dimen name="h_789">825.69px</dimen>
<dimen name="h_790">826.74px</dimen>
<dimen name="h_791">827.79px</dimen>
<dimen name="h_792">828.83px</dimen>
<dimen name="h_793">829.88px</dimen>
<dimen name="h_794">830.93px</dimen>
<dimen name="h_795">831.97px</dimen>
<dimen name="h_796">833.02px</dimen>
<dimen name="h_797">834.06px</dimen>
<dimen name="h_798">835.11px</dimen>
<dimen name="h_799">836.16px</dimen>
<dimen name="h_800">837.2px</dimen>
<dimen name="h_801">838.25px</dimen>
<dimen name="h_802">839.3px</dimen>
<dimen name="h_803">840.34px</dimen>
<dimen name="h_804">841.39px</dimen>
<dimen name="h_805">842.44px</dimen>
<dimen name="h_806">843.48px</dimen>
<dimen name="h_807">844.53px</dimen>
<dimen name="h_808">845.58px</dimen>
<dimen name="h_809">846.62px</dimen>
<dimen name="h_810">847.67px</dimen>
<dimen name="h_811">848.72px</dimen>
<dimen name="h_812">849.76px</dimen>
<dimen name="h_813">850.81px</dimen>
<dimen name="h_814">851.86px</dimen>
<dimen name="h_815">852.9px</dimen>
<dimen name="h_816">853.95px</dimen>
<dimen name="h_817">855.0px</dimen>
<dimen name="h_818">856.04px</dimen>
<dimen name="h_819">857.09px</dimen>
<dimen name="h_820">858.13px</dimen>
<dimen name="h_821">859.18px</dimen>
<dimen name="h_822">860.23px</dimen>
<dimen name="h_823">861.27px</dimen>
<dimen name="h_824">862.32px</dimen>
<dimen name="h_825">863.37px</dimen>
<dimen name="h_826">864.41px</dimen>
<dimen name="h_827">865.46px</dimen>
<dimen name="h_828">866.51px</dimen>
<dimen name="h_829">867.55px</dimen>
<dimen name="h_830">868.6px</dimen>
<dimen name="h_831">869.65px</dimen>
<dimen name="h_832">870.69px</dimen>
<dimen name="h_833">871.74px</dimen>
<dimen name="h_834">872.79px</dimen>
<dimen name="h_835">873.83px</dimen>
<dimen name="h_836">874.88px</dimen>
<dimen name="h_837">875.93px</dimen>
<dimen name="h_838">876.97px</dimen>
<dimen name="h_839">878.02px</dimen>
<dimen name="h_840">879.06px</dimen>
<dimen name="h_841">880.11px</dimen>
<dimen name="h_842">881.16px</dimen>
<dimen name="h_843">882.2px</dimen>
<dimen name="h_844">883.25px</dimen>
<dimen name="h_845">884.3px</dimen>
<dimen name="h_846">885.34px</dimen>
<dimen name="h_847">886.39px</dimen>
<dimen name="h_848">887.44px</dimen>
<dimen name="h_849">888.48px</dimen>
<dimen name="h_850">889.53px</dimen>
<dimen name="h_851">890.58px</dimen>
<dimen name="h_852">891.62px</dimen>
<dimen name="h_853">892.67px</dimen>
<dimen name="h_854">893.72px</dimen>
<dimen name="h_855">894.76px</dimen>
<dimen name="h_856">895.81px</dimen>
<dimen name="h_857">896.86px</dimen>
<dimen name="h_858">897.9px</dimen>
<dimen name="h_859">898.95px</dimen>
<dimen name="h_860">900.0px</dimen>
<dimen name="h_861">901.04px</dimen>
<dimen name="h_862">902.09px</dimen>
<dimen name="h_863">903.13px</dimen>
<dimen name="h_864">904.18px</dimen>
<dimen name="h_865">905.23px</dimen>
<dimen name="h_866">906.27px</dimen>
<dimen name="h_867">907.32px</dimen>
<dimen name="h_868">908.37px</dimen>
<dimen name="h_869">909.41px</dimen>
<dimen name="h_870">910.46px</dimen>
<dimen name="h_871">911.51px</dimen>
<dimen name="h_872">912.55px</dimen>
<dimen name="h_873">913.6px</dimen>
<dimen name="h_874">914.65px</dimen>
<dimen name="h_875">915.69px</dimen>
<dimen name="h_876">916.74px</dimen>
<dimen name="h_877">917.79px</dimen>
<dimen name="h_878">918.83px</dimen>
<dimen name="h_879">919.88px</dimen>
<dimen name="h_880">920.93px</dimen>
<dimen name="h_881">921.97px</dimen>
<dimen name="h_882">923.02px</dimen>
<dimen name="h_883">924.06px</dimen>
<dimen name="h_884">925.11px</dimen>
<dimen name="h_885">926.16px</dimen>
<dimen name="h_886">927.2px</dimen>
<dimen name="h_887">928.25px</dimen>
<dimen name="h_888">929.3px</dimen>
<dimen name="h_889">930.34px</dimen>
<dimen name="h_890">931.39px</dimen>
<dimen name="h_891">932.44px</dimen>
<dimen name="h_892">933.48px</dimen>
<dimen name="h_893">934.53px</dimen>
<dimen name="h_894">935.58px</dimen>
<dimen name="h_895">936.62px</dimen>
<dimen name="h_896">937.67px</dimen>
<dimen name="h_897">938.72px</dimen>
<dimen name="h_898">939.76px</dimen>
<dimen name="h_899">940.81px</dimen>
<dimen name="h_900">941.86px</dimen>
<dimen name="h_901">942.9px</dimen>
<dimen name="h_902">943.95px</dimen>
<dimen name="h_903">945.0px</dimen>
<dimen name="h_904">946.04px</dimen>
<dimen name="h_905">947.09px</dimen>
<dimen name="h_906">948.13px</dimen>
<dimen name="h_907">949.18px</dimen>
<dimen name="h_908">950.23px</dimen>
<dimen name="h_909">951.27px</dimen>
<dimen name="h_910">952.32px</dimen>
<dimen name="h_911">953.37px</dimen>
<dimen name="h_912">954.41px</dimen>
<dimen name="h_913">955.46px</dimen>
<dimen name="h_914">956.51px</dimen>
<dimen name="h_915">957.55px</dimen>
<dimen name="h_916">958.6px</dimen>
<dimen name="h_917">959.65px</dimen>
<dimen name="h_918">960.69px</dimen>
<dimen name="h_919">961.74px</dimen>
<dimen name="h_920">962.79px</dimen>
<dimen name="h_921">963.83px</dimen>
<dimen name="h_922">964.88px</dimen>
<dimen name="h_923">965.93px</dimen>
<dimen name="h_924">966.97px</dimen>
<dimen name="h_925">968.02px</dimen>
<dimen name="h_926">969.06px</dimen>
<dimen name="h_927">970.11px</dimen>
<dimen name="h_928">971.16px</dimen>
<dimen name="h_929">972.2px</dimen>
<dimen name="h_930">973.25px</dimen>
<dimen name="h_931">974.3px</dimen>
<dimen name="h_932">975.34px</dimen>
<dimen name="h_933">976.39px</dimen>
<dimen name="h_934">977.44px</dimen>
<dimen name="h_935">978.48px</dimen>
<dimen name="h_936">979.53px</dimen>
<dimen name="h_937">980.58px</dimen>
<dimen name="h_938">981.62px</dimen>
<dimen name="h_939">982.67px</dimen>
<dimen name="h_940">983.72px</dimen>
<dimen name="h_941">984.76px</dimen>
<dimen name="h_942">985.81px</dimen>
<dimen name="h_943">986.86px</dimen>
<dimen name="h_944">987.9px</dimen>
<dimen name="h_945">988.95px</dimen>
<dimen name="h_946">990.0px</dimen>
<dimen name="h_947">991.04px</dimen>
<dimen name="h_948">992.09px</dimen>
<dimen name="h_949">993.13px</dimen>
<dimen name="h_950">994.18px</dimen>
<dimen name="h_951">995.23px</dimen>
<dimen name="h_952">996.27px</dimen>
<dimen name="h_953">997.32px</dimen>
<dimen name="h_954">998.37px</dimen>
<dimen name="h_955">999.41px</dimen>
<dimen name="h_956">1000.46px</dimen>
<dimen name="h_957">1001.51px</dimen>
<dimen name="h_958">1002.55px</dimen>
<dimen name="h_959">1003.6px</dimen>
<dimen name="h_960">1004.65px</dimen>
<dimen name="h_961">1005.69px</dimen>
<dimen name="h_962">1006.74px</dimen>
<dimen name="h_963">1007.79px</dimen>
<dimen name="h_964">1008.83px</dimen>
<dimen name="h_965">1009.88px</dimen>
<dimen name="h_966">1010.93px</dimen>
<dimen name="h_967">1011.97px</dimen>
<dimen name="h_968">1013.02px</dimen>
<dimen name="h_969">1014.06px</dimen>
<dimen name="h_970">1015.11px</dimen>
<dimen name="h_971">1016.16px</dimen>
<dimen name="h_972">1017.2px</dimen>
<dimen name="h_973">1018.25px</dimen>
<dimen name="h_974">1019.3px</dimen>
<dimen name="h_975">1020.34px</dimen>
<dimen name="h_976">1021.39px</dimen>
<dimen name="h_977">1022.44px</dimen>
<dimen name="h_978">1023.48px</dimen>
<dimen name="h_979">1024.53px</dimen>
<dimen name="h_980">1025.58px</dimen>
<dimen name="h_981">1026.62px</dimen>
<dimen name="h_982">1027.67px</dimen>
<dimen name="h_983">1028.72px</dimen>
<dimen name="h_984">1029.76px</dimen>
<dimen name="h_985">1030.81px</dimen>
<dimen name="h_986">1031.86px</dimen>
<dimen name="h_987">1032.9px</dimen>
<dimen name="h_988">1033.95px</dimen>
<dimen name="h_989">1035.0px</dimen>
<dimen name="h_990">1036.04px</dimen>
<dimen name="h_991">1037.09px</dimen>
<dimen name="h_992">1038.13px</dimen>
<dimen name="h_993">1039.18px</dimen>
<dimen name="h_994">1040.23px</dimen>
<dimen name="h_995">1041.27px</dimen>
<dimen name="h_996">1042.32px</dimen>
<dimen name="h_997">1043.37px</dimen>
<dimen name="h_998">1044.41px</dimen>
<dimen name="h_999">1045.46px</dimen>
<dimen name="h_1000">1046.51px</dimen>
<dimen name="h_1001">1047.55px</dimen>
<dimen name="h_1002">1048.6px</dimen>
<dimen name="h_1003">1049.65px</dimen>
<dimen name="h_1004">1050.69px</dimen>
<dimen name="h_1005">1051.74px</dimen>
<dimen name="h_1006">1052.79px</dimen>
<dimen name="h_1007">1053.83px</dimen>
<dimen name="h_1008">1054.88px</dimen>
<dimen name="h_1009">1055.93px</dimen>
<dimen name="h_1010">1056.97px</dimen>
<dimen name="h_1011">1058.02px</dimen>
<dimen name="h_1012">1059.06px</dimen>
<dimen name="h_1013">1060.11px</dimen>
<dimen name="h_1014">1061.16px</dimen>
<dimen name="h_1015">1062.2px</dimen>
<dimen name="h_1016">1063.25px</dimen>
<dimen name="h_1017">1064.3px</dimen>
<dimen name="h_1018">1065.34px</dimen>
<dimen name="h_1019">1066.39px</dimen>
<dimen name="h_1020">1067.44px</dimen>
<dimen name="h_1021">1068.48px</dimen>
<dimen name="h_1022">1069.53px</dimen>
<dimen name="h_1023">1070.58px</dimen>
<dimen name="h_1024">1071.62px</dimen>
<dimen name="h_1025">1072.67px</dimen>
<dimen name="h_1026">1073.72px</dimen>
<dimen name="h_1027">1074.76px</dimen>
<dimen name="h_1028">1075.81px</dimen>
<dimen name="h_1029">1076.86px</dimen>
<dimen name="h_1030">1077.9px</dimen>
<dimen name="h_1031">1078.95px</dimen>
<dimen name="h_1032">1080px</dimen>
</resources>